"RANK","NAME","TEAM","CUR","POS","AGE","GP","MpG","USG%","TO%","FTA","FT%","2PA","2P%","3PA","3P%","eFG%","TS%","PpG","RpG","ApG","SpG","BpG","TOpG","P+R","P+A","P+R+A","VI","ORtg","DRtg"
"","Luka Doncic","Lal","*","F-G","26.8","16","36.9","38","15.8","191","0.812","193","0.601","173","0.341","0.559","0.627","35.3","8.9","8.9","1.6","0.6","4.3","44.1","44.2","53.1","15.3","123","108.4"
"","Shai Gilgeous-Alexander","Okc","*","G","27.4","21","33.5","33.2","8.2","213","0.887","306","0.592","107","0.411","0.598","0.674","32.5","4.8","6.6","1.5","0.7","1.8","37.3","39.1","43.9","12.1","137.8","103.8"
"","Tyrese Maxey","Phi","*","G","25.1","19","40.7","30.2","10.8","154","0.877","251","0.53","185","0.384","0.549","0.609","32.3","4.8","7.6","1.5","0.8","2.8","37.1","39.9","44.7","10.4","124.7","114.4"
"","Giannis Antetokounmpo","Mil","*","F","31","16","30.8","37.6","16","165","0.63","271","0.657","23","0.435","0.656","0.668","30.6","10.7","6.4","1","1","3.5","41.3","37.1","47.8","16.6","129.1","109"
"","Donovan Mitchell","Cle","*","G","29.2","20","34.3","32.5","13.8","129","0.829","210","0.624","207","0.391","0.606","0.646","30.6","5","5.5","1.4","0.3","3.4","35.6","36.1","41.1","11","122.2","111.4"
"","Nikola Jokic","Den","*","C","30.8","20","34.8","28.5","17.3","142","0.852","239","0.695","96","0.438","0.684","0.728","29","12.8","11.1","1.5","0.8","3.5","41.8","40","52.8","18.4","145.1","105.7"
"","Anthony Edwards","Min","*","G","24.3","16","33.3","32.6","11.7","115","0.826","181","0.552","137","0.409","0.579","0.628","28.9","4.5","3.9","1.3","0.6","2.6","33.4","32.8","37.3","9.6","121.6","112.3"
"","Jalen Brunson","Nyk","*","G","29.3","17","34.4","31.8","10.2","108","0.861","233","0.536","127","0.37","0.543","0.594","28.5","3.4","6.2","0.7","0.1","2.4","31.8","34.7","38.1","9.8","124","112.4"
"","Jaylen Brown","Bos","*","G-F","29.1","20","33.1","36.4","14.3","136","0.765","313","0.543","118","0.347","0.537","0.578","28.4","6.2","4.8","1.2","0.4","3.6","34.5","33.2","39.3","11.4","113.5","108.7"
"","Cade Cunningham","Det","*","G","24.2","18","36.8","32.8","16.2","139","0.82","281","0.52","113","0.301","0.5","0.558","28.2","6.5","9.3","1.5","0.8","4.2","34.7","37.5","44","13","115.3","105.8"
"","Austin Reaves","Lal","*","G","27.5","17","36.6","28.2","16.5","154","0.883","154","0.649","129","0.364","0.602","0.68","28.1","5.7","6.6","1.2","0.1","3.3","33.8","34.6","40.4","11.1","130.1","111.8"
"","Lauri Markkanen","Uta","*","F-C","28.5","20","35.6","27.7","5.9","138","0.899","227","0.551","172","0.36","0.546","0.609","28","6.4","2.1","0.9","0.4","1.3","34.4","30.1","36.4","8.1","126.8","120"
"","Stephen Curry","Gol","*","G","37.7","16","31","33.9","13.9","86","0.919","118","0.602","192","0.391","0.592","0.641","27.9","3.7","4","1.3","0.6","3.1","31.6","31.9","35.6","9.6","116.7","110.5"
"","James Harden","Lac","*","G","36.3","20","35.1","31.6","19.1","180","0.906","152","0.52","195","0.369","0.539","0.63","26.9","5.7","8.4","1","0.4","4.1","32.6","35.3","41","12.4","121.4","118.6"
"","Kawhi Leonard","Lac","*","F","34.4","11","31.2","31.3","10","61","0.967","135","0.556","62","0.435","0.586","0.648","26.4","5.5","2.8","2.1","0.4","2","31.8","29.2","34.6","9.5","123.2","116.2"
"","Victor Wembanyama","San","*","F-C","21.9","12","34.7","30.8","16.3","84","0.857","163","0.558","58","0.345","0.548","0.609","26.2","12.9","4","1.1","3.6","3.6","39.1","30.2","43.1","12.7","116.7","100.7"
"","Deni Avdija","Por","*","F","24.9","20","34.1","28.1","17.2","180","0.806","201","0.542","135","0.378","0.552","0.621","25.8","7.1","5.8","0.6","0.7","3.5","32.9","31.6","38.6","12","122.2","112.3"
"","Kevin Durant","Hou","*","F","37.2","16","36","26.7","14.8","114","0.877","200","0.535","77","0.377","0.543","0.613","25.1","5.1","3.4","1.1","0.6","3","30.2","28.5","33.6","8.4","121.8","109"
"","Devin Booker","Pho","*","G","29.1","22","34.7","30.2","17.3","175","0.874","268","0.522","124","0.315","0.506","0.586","25","4.3","6.7","0.9","0.4","3.7","29.3","31.7","36","10.3","117.6","112"
"","Norman Powell","Mia","*","G","32.5","17","30.6","27.5","10.7","103","0.883","157","0.548","118","0.458","0.607","0.663","25","3.7","2.4","1.2","0.2","1.9","28.7","27.4","31.1","7.9","122.8","108.5"
"","Michael Porter Jr.","Bro","*","F","27.4","17","32.8","29.5","10.3","77","0.818","163","0.583","149","0.383","0.579","0.613","24.9","7.4","3.1","0.8","0.2","2.1","32.3","28","35.4","10.1","117.9","116.2"
"","Tyler Herro","Mia","*","G","25.9","4","30.9","25.1","5.8","17","0.941","41","0.537","24","0.542","0.638","0.683","24.8","4.8","2.8","1","0.8","1","29.5","27.5","32.3","9","132.2","110.4"
"","Coby White","Chi","*","G","25.8","5","30.7","31.4","14.9","37","0.811","41","0.561","44","0.341","0.535","0.597","24.2","3","6.2","0.8","0","3","27.2","30.4","33.4","10","115.2","116.3"
"","De'Aaron Fox","San","*","G","28","11","33.4","29.2","15.5","61","0.852","122","0.566","68","0.368","0.561","0.611","24.1","3.5","6.6","1.4","0.4","3.2","27.5","30.7","34.2","9.9","120.7","110.6"
"","Pascal Siakam","Ind","*","F","31.7","20","34.3","28.5","10.7","144","0.674","271","0.531","96","0.333","0.523","0.559","24.1","7.2","4.3","1.3","0.6","2.2","31.3","28.3","35.5","10.6","113.5","111"
"","Jamal Murray","Den","*","G","28.8","19","34.8","26.3","12.5","76","0.895","194","0.531","135","0.415","0.568","0.61","23.3","4.5","6.7","1.1","0.3","2.5","27.7","30","34.5","10.2","123.5","115.1"
"","Jalen Johnson","Atl","*","F","24","20","34.9","26.1","17.5","123","0.789","230","0.583","80","0.413","0.592","0.637","23.2","10","7.3","1.6","0.4","3.3","33.2","30.5","40.5","13.7","121.1","107.7"
"","Julius Randle","Min","*","F-C","31","20","33.5","26.9","14.9","134","0.813","209","0.574","104","0.356","0.561","0.618","23","7.5","6","1.2","0.2","2.8","30.5","29","36.5","12.1","124.4","108.9"
"","Franz Wagner","Orl","*","F","24.3","21","34.5","25.7","10.8","151","0.828","250","0.532","89","0.337","0.525","0.593","22.9","6.4","3.7","1.1","0.4","2","29.3","26.6","33","9.5","122.5","108.9"
"","Keyonte George","Uta","*","G","22.1","20","34.1","27.3","18.4","140","0.893","191","0.529","132","0.326","0.512","0.593","22.8","4","6.9","1","0.3","3.7","26.8","29.7","33.7","10.1","115.4","117.9"
"","Alperen Sengun","Hou","*","C","23.4","18","36.2","25.9","16.5","123","0.732","248","0.524","51","0.392","0.535","0.581","22.8","9.1","7.3","1.2","1.1","3.3","31.8","30.1","39.2","12.7","124.1","105.6"
"","Dillon Brooks","Pho","*","G-F","29.9","16","31.4","29.1","11.8","65","0.846","161","0.571","122","0.32","0.532","0.571","22.3","3.1","1.8","1.7","0.1","2.4","25.4","24","27.1","6.4","109.2","107.3"
"","Zion Williamson","Nor","*","F","25.4","10","30.9","29.8","17.6","101","0.723","142","0.521","3","0","0.51","0.583","22.1","5.6","4","1.6","0.5","3.1","27.7","26.1","31.7","10.2","114.7","117.8"
"","Paolo Banchero","Orl","*","F","23.1","12","32.8","27.4","15.2","111","0.766","134","0.53","44","0.25","0.492","0.573","21.7","8.7","4.1","0.8","0.9","2.7","30.3","25.8","34.4","11.2","114","106.3"
"","Miles Bridges","Cha","*","F","27.7","21","35","25.2","8","102","0.863","199","0.503","168","0.333","0.501","0.554","21.7","6.1","3.5","0.6","0.6","1.5","27.8","25.2","31.3","8.8","117.2","116.8"
"","Karl-Anthony Towns","Nyk","*","C-F","30","19","33.4","26.3","14.8","131","0.878","193","0.513","101","0.327","0.505","0.586","21.7","11.9","3.3","0.8","0.8","2.7","33.6","25","36.9","11.4","121.2","102.5"
"","Brandon Ingram","Tor","*","F","28.2","21","33.9","27.5","15.2","106","0.821","256","0.535","96","0.313","0.517","0.566","21.5","5.7","3.7","1","0.6","3","27.2","25.2","30.9","9.1","105.9","109.9"
"","Cam Thomas","Bro","*","G","24.1","8","28.3","32.7","10.8","55","0.873","87","0.425","45","0.356","0.462","0.544","21.3","1.4","2.6","0.5","0.1","2","22.6","23.9","25.3","6","108.4","121.3"
"","Bennedict Mathurin","Ind","*","G-F","23.5","10","32.6","26.4","17.4","70","0.8","84","0.476","63","0.397","0.527","0.593","21.1","5.5","2.3","0.7","0.1","3.1","26.6","23.4","28.9","7.9","108.1","111.7"
"","Anthony Davis","Dal","*","F-C","32.7","7","30","26.9","9.2","36","0.75","92","0.576","16","0.313","0.56","0.598","21.1","9.9","2.9","1.3","1.6","1.6","31","24","33.9","11.3","121.9","105.2"
"","Shaedon Sharpe","Por","*","G","22.5","16","27.7","31.9","14","82","0.78","174","0.552","103","0.252","0.487","0.533","20.9","4.8","2","1.3","0.3","2.8","25.6","22.9","27.6","8.5","103.9","112.6"
"","Zach LaVine","Sac","*","G","30.7","19","33.8","24","12.9","69","0.855","154","0.591","135","0.378","0.58","0.617","20.7","3.2","2.4","0.7","0.1","2.3","23.9","23.2","26.3","6.4","110.7","119.2"
"","Josh Giddey","Chi","*","G","23.1","18","34.1","26","19.3","107","0.738","187","0.508","85","0.4","0.537","0.581","20.6","9.9","9.1","1.1","0.4","3.6","30.6","29.7","39.7","14.4","116.4","112.5"
"","Nickeil Alexander-Walker","Atl","*","G","27.2","20","32.8","24.5","13.1","85","0.859","155","0.535","143","0.392","0.56","0.607","20.4","3.4","3.5","1","0.9","2.3","23.7","23.9","27.2","7.6","113.7","113.9"
"","Jimmy Butler","Gol","*","F","36.2","19","31.7","22.3","10.8","153","0.856","184","0.549","39","0.436","0.567","0.661","20.2","5.8","5.2","1.6","0.3","1.4","26","25.4","31.2","10.7","141.7","113.5"
"","Scottie Barnes","Tor","*","F-G","24.3","21","33.4","24","13.2","78","0.859","244","0.541","70","0.414","0.559","0.6","19.9","8","5","1.4","1.6","2.3","27.9","24.9","32.8","11.1","120.6","104.8"
"","Trey Murphy III","Nor","*","F","25.5","19","35.5","21.5","12.9","70","0.929","125","0.568","151","0.371","0.562","0.611","19.7","6.2","3.2","1.7","0.2","2.2","25.9","22.9","29.1","8.2","119.8","118.3"
"","Jalen Duren","Det","*","C","22","18","29.3","23","19.5","127","0.764","194","0.66","0","0","0.66","0.706","19.6","11.8","1.9","0.8","1","2.6","31.4","21.5","33.3","10.4","132.3","101.3"
"","Joel Embiid","Phi","*","C-F","31.7","7","24.3","34","15.1","43","0.814","70","0.529","31","0.29","0.5","0.567","19.4","5.3","3.1","0.9","1.4","2.6","24.7","22.6","27.9","11.2","111.4","109.7"
"","RJ Barrett","Tor","*","F-G","25.5","17","30.9","24.1","9.9","80","0.725","150","0.593","87","0.356","0.572","0.604","19.4","4.8","3.8","0.8","0.2","1.5","24.2","23.1","27.9","9.2","119.7","108.2"
"","Bam Adebayo","Mia","*","C-F","28.4","15","30.4","24.5","11","74","0.811","139","0.518","78","0.372","0.532","0.583","19.4","8.9","2.6","1","0.9","1.8","28.3","22","30.9","10.1","114.6","107.9"
"","Desmond Bane","Orl","*","G","27.4","21","32.8","24.1","13.1","91","0.934","207","0.522","105","0.324","0.51","0.572","19.2","4.6","4.5","0.8","0.3","2.2","23.8","23.7","28.3","9","117.2","107.6"
"","Jerami Grant","Por","*","F","31.7","19","29","24","14.4","128","0.852","131","0.489","107","0.393","0.534","0.617","19.1","3.5","2.4","0.8","0.5","2.1","22.6","21.5","25","7.5","122.2","112.5"
"","Alexandre Sarr","Was","*","C","20.6","16","29.7","26.5","12.4","59","0.627","189","0.561","52","0.346","0.552","0.568","18.9","8.6","3.3","0.8","2","2.1","27.5","22.2","30.8","10.9","112.9","118.7"
"","LaMelo Ball","Cha","*","G","24.3","14","29.6","31.5","16.3","56","0.875","121","0.471","120","0.283","0.448","0.499","18.9","6.1","8.9","1.2","0.2","3.4","25.1","27.8","33.9","13.6","109","108.8"
"","Evan Mobley","Cle","*","C","24.5","21","34.1","22.7","14.9","120","0.608","201","0.557","90","0.367","0.555","0.576","18.9","9","4.1","1","1.6","2.4","27.9","23","32","10.4","116.3","109.8"
"","Aaron Gordon","Den","*","F","30.2","13","28.3","22.9","10.4","60","0.867","91","0.593","63","0.444","0.623","0.676","18.8","5.9","1.3","0.8","0.2","1.4","24.7","20.1","26","7.4","131.6","112.6"
"","Kristaps Porzingis","Atl","*","F-C","30.3","12","26.4","25.9","6.7","65","0.862","95","0.568","59","0.339","0.545","0.613","18.7","5.9","3.3","0.4","1.6","0.9","24.6","21.9","27.8","10.8","128.9","104.8"
"","DeMar DeRozan","Sac","*","G-F","36.3","21","33.1","21.1","7.7","105","0.905","232","0.517","44","0.386","0.527","0.599","18.4","3","3.6","1.3","0.2","1.1","21.4","22","25","7.1","122.3","119.3"
"","CJ McCollum","Was","*","G","34.2","19","30","24.4","8.1","55","0.782","147","0.469","137","0.409","0.539","0.566","18.4","3.3","3.4","0.8","0.2","1.3","21.6","21.7","25","7.9","114.9","122.9"
"","Keegan Murray","Sac","*","F","25.3","6","38.8","18.4","1.1","17","0.824","54","0.611","38","0.263","0.522","0.553","18.3","7","1.8","2.2","1.3","0.2","25.3","20.2","27.2","6.3","118.6","118.6"
"","Jaren Jackson Jr.","Mem","*","F-C","26.2","19","29.7","24.9","12.4","77","0.805","173","0.532","94","0.362","0.536","0.578","18.3","5.2","1.8","0.6","1.1","2","23.5","20.2","25.3","7.5","108.8","104"
"","Kon Knueppel","Cha","*","G-F","20.3","21","33.5","21.3","14.5","49","0.898","112","0.545","176","0.415","0.592","0.622","18.3","5.7","3","0.8","0.2","2.3","24","21.3","27","8.1","116.6","115.3"
"","Chet Holmgren","Okc","*","C-F","23.6","17","29.6","23.5","14.7","67","0.806","141","0.652","68","0.353","0.612","0.65","18.2","8","1.7","0.7","1.5","2.1","26.2","19.9","27.9","8.5","119.4","95.6"
"","Grayson Allen","Pho","*","G","30.2","14","31.6","20.9","11.1","34","0.794","63","0.508","121","0.438","0.606","0.628","17.9","2.9","4.2","1.6","0.3","1.6","20.8","22.1","25","7.6","125.9","112.3"
"","Ja Morant","Mem","*","G","26.3","12","28.8","32.5","18.7","69","0.942","135","0.444","60","0.167","0.385","0.477","17.9","3.5","7.6","1","0.1","3.8","21.4","25.5","29","10.8","99.1","110.6"
"","Trae Young","Atl","*","G","27.2","5","27.8","29.5","12.4","39","0.821","44","0.477","26","0.192","0.407","0.511","17.8","2","7.8","0.8","0.2","2","19.8","25.6","27.6","9.4","112.1","114.2"
"","Ryan Rollins","Mil","*","G","23.4","22","32.4","24.2","15.9","48","0.771","181","0.536","131","0.405","0.566","0.585","17.7","4","5.8","1.6","0.4","2.7","21.7","23.5","27.5","9.2","113","113.9"
"","Kevin Porter Jr.","Mil","*","G-F","25.6","3","21.7","23.4","6.2","6","0.833","16","0.563","14","0.714","0.8","0.812","17.7","2.7","4.3","1.7","0.3","0.7","20.3","22","24.7","10.9","159.6","116.7"
"","Andrew Nembhard","Ind","*","G-F","25.9","13","31","23.9","15.2","68","0.868","104","0.462","69","0.348","0.486","0.559","17.5","1.9","6.2","0.8","0.2","2.4","19.4","23.6","25.5","7.6","113.6","115.4"
"","Payton Pritchard","Bos","*","G","27.8","20","32.3","21.5","8.6","48","0.854","117","0.615","160","0.344","0.558","0.587","17.5","4.3","4.8","0.7","0.1","1.3","21.8","22.3","26.6","8.8","127.2","117"
"","Andrew Wiggins","Mia","*","F","30.8","18","33.1","20.7","12.4","51","0.725","161","0.565","87","0.368","0.56","0.582","17.5","5.1","2.9","1.1","1.1","1.9","22.6","20.4","25.4","7.7","112.4","109"
"","Jordan Poole","Nor","*","G","26.5","7","30.3","25.2","13.1","32","0.969","40","0.375","59","0.339","0.455","0.535","17.3","1.7","3.4","0.3","0.3","2.1","19","20.7","22.4","6.1","109","121.1"
"","Domantas Sabonis","Sac","*","F-C","29.6","11","33.2","22.8","16.2","51","0.725","125","0.56","20","0.2","0.524","0.564","17.2","12.3","3.7","1.2","0.2","2.5","29.5","20.9","33.2","11.1","113.1","107.6"
"","Stephon Castle","San","*","G","21.1","13","32","24.9","24.8","85","0.694","104","0.615","50","0.24","0.532","0.583","17.2","5.8","7.6","1.7","0.4","3.9","22.9","24.8","30.5","11.4","113.8","104.2"
"","De'Andre Hunter","Cle","*","F-G","28","18","28.9","23.3","12.1","70","0.829","111","0.586","121","0.331","0.539","0.586","17.1","4.6","2.7","0.7","0.2","1.8","21.7","19.8","24.3","8.3","114.9","109"
"","Amen Thompson","Hou","*","G-F","22.8","18","36.3","20.6","14.2","76","0.776","215","0.521","39","0.205","0.488","0.534","17.1","7","5.2","1.3","0.5","2.3","24.1","22.2","29.2","9.4","118.9","109.1"
"","Cooper Flagg","Dal","*","F","18.9","21","33.9","22.2","13.1","75","0.8","220","0.541","78","0.256","0.5","0.541","17","6.6","3.4","1.4","0.6","2.1","23.7","20.4","27","8.6","105.9","108.5"
"","Quentin Grimes","Phi","*","G","25.6","19","33.1","21.3","18.7","84","0.857","108","0.537","122","0.369","0.546","0.605","17","3.8","4.3","0.9","0.5","2.8","20.8","21.3","25.1","7.9","113.9","113.9"
"","Brandon Miller","Cha","*","F","23","6","25","29.8","9.3","25","0.84","40","0.525","47","0.277","0.466","0.52","17","2","3","0.5","1.2","1.5","19","20","22","7.5","108.9","116.2"
"","Kelly Oubre Jr.","Phi","*","F-G","30","12","34.8","18.4","10.8","38","0.789","82","0.622","67","0.343","0.574","0.606","16.8","5.1","1.3","1.1","0.8","1.5","21.8","18.1","23.2","5.5","117.1","112.7"
"","Jrue Holiday","Por","*","G","35.5","12","33.4","20.9","17.4","25","0.84","81","0.531","85","0.365","0.539","0.565","16.7","5.3","8.2","1.6","0.3","2.9","21.9","24.8","30.1","10.8","118.3","115.7"
"","Nikola Vucevic","Chi","*","C","35.1","19","30.8","21.1","10.9","34","0.794","159","0.56","93","0.398","0.573","0.592","16.6","9.9","3.6","0.7","0.4","1.6","26.5","20.3","30.2","10.9","120.8","110.8"
"","Onyeka Okongwu","Atl","*","F-C","25","21","30.5","21","13.6","58","0.759","145","0.621","108","0.37","0.593","0.618","16.4","7.3","2.9","0.9","1.1","1.9","23.7","19.2","26.6","9.2","116.6","104.4"
"","Ivica Zubac","Lac","*","C","28.7","21","32.4","20.3","13.3","52","0.75","254","0.598","0","0","0.598","0.619","16.3","11.6","2.6","0.5","1","1.9","27.9","19","30.5","9.7","125.3","113"
"","Collin Sexton","Cha","*","G","26.9","20","26.1","25","18.7","91","0.879","151","0.543","70","0.371","0.548","0.617","16.1","2.3","4.4","0.8","0.2","2.6","18.4","20.5","22.8","8.4","117.4","116.2"
"","Mikal Bridges","Nyk","*","G-F","29.3","19","35.1","16.2","8.1","33","0.788","125","0.616","101","0.416","0.619","0.636","16.1","4.5","4.4","2.1","1.3","1.1","20.6","20.5","24.9","7.8","135.5","110.2"
"","P.J. Washington","Dal","*","F","27.3","19","31.7","23.4","16.2","76","0.684","164","0.494","89","0.337","0.498","0.531","16","7.8","2.3","1","1.2","2.6","23.8","18.3","26.1","8.3","99","107.4"
"","Derrick White","Bos","*","G","31.4","19","33.3","22.7","8.4","56","0.839","123","0.423","161","0.317","0.452","0.492","16","4","5.1","1.7","1.4","1.4","20","21.1","25.1","8.3","113.6","115.1"
"","Immanuel Quickley","Tor","*","G","26.5","21","32.2","20.6","11.5","54","0.722","129","0.543","141","0.369","0.548","0.57","16","4.6","6.3","1.2","0","1.7","20.5","22.3","26.9","9.6","118","109.7"
"","Devin Vassell","San","*","G-F","25.3","19","33.1","19.4","7.8","36","0.861","116","0.509","133","0.383","0.544","0.57","15.9","3.6","2.4","1.2","0.4","1.1","19.5","18.3","21.9","6.2","117","111.4"
"","Ayo Dosunmu","Chi","*","G","25.9","18","27.4","20","11.6","50","0.84","118","0.568","73","0.493","0.634","0.667","15.8","2.7","3.2","0.4","0.2","1.4","18.4","18.9","21.6","7.5","125.8","117.1"
"","O.G. Anunoby","Nyk","*","F-G","28.4","12","31.1","20","13","25","0.76","68","0.574","79","0.392","0.582","0.601","15.8","5.6","2.2","1.9","0.7","1.8","21.4","18","23.6","7.5","117.6","107.6"
"","Deandre Ayton","Lal","*","C","27.4","18","29.4","19.3","17.1","33","0.667","184","0.712","0","0","0.712","0.715","15.8","8.6","0.9","0.7","1.1","2.1","24.4","16.7","25.3","6.8","126.8","107.7"
"","Jaime Jaquez Jr.","Mia","*","G","24.8","20","29.3","21.7","14.8","70","0.771","208","0.567","34","0.206","0.531","0.57","15.6","6.2","5.3","0.6","0.3","2.1","21.8","20.9","27.1","10.9","116.1","107.8"
"","Jalen Green","Pho","*","G","23.8","2","14.9","38.1","7.9","5","0.6","9","0.556","14","0.429","0.609","0.615","15.5","2","2","1","0","1","17.5","17.5","19.5","10.6","122.3","112.6"
"","Aaron Nesmith","Ind","*","G-F","26.1","11","30.4","21.2","5.1","39","0.795","64","0.359","83","0.373","0.473","0.518","15.5","4.5","1.5","0.8","0.3","0.7","19.9","17","21.5","6.2","111.9","114"
"","Jaden McDaniels","Min","*","F","25.2","19","31.7","19.3","14.4","43","0.86","153","0.549","66","0.455","0.589","0.62","15.5","4.8","2.4","1.2","1","1.9","20.3","17.9","22.7","7.1","117.3","106.1"
"","Kyshawn George","Was","*","F","22","17","31.2","21.8","22.1","45","0.733","108","0.491","93","0.441","0.57","0.593","15.4","5.9","4.8","1","0.9","3.4","21.4","20.2","26.2","9.7","106.2","112.7"
"","Jeremiah Fears","Nor","*","G","19.1","21","27.2","25.7","14.6","68","0.779","199","0.477","75","0.36","0.495","0.533","15.4","3.3","2.7","1.5","0.1","2.2","18.7","18.1","21.4","7.6","103.6","118.2"
"","LeBron James","Lal","*","F","40.9","5","32.3","22.2","14.8","20","0.55","41","0.537","22","0.318","0.516","0.529","15.2","4","7.2","0.8","0.2","2.2","19.2","22.4","26.4","9.4","112.9","114.7"
"","Ajay Mitchell","Okc","*","G","23.4","21","26.5","24.6","12.3","77","0.87","179","0.514","70","0.329","0.508","0.566","15.2","3.5","3.7","1.6","0.3","1.7","18.7","19","22.4","8.8","114","100.8"
"","VJ Edgecombe","Phi","*","G","20.3","16","36.4","19.3","11.9","38","0.737","136","0.441","86","0.36","0.48","0.505","15.1","5.8","4.1","1.3","0.4","1.9","20.8","19.1","24.9","7.8","108.7","111.7"
"","Jabari Smith Jr.","Hou","*","F","22.6","17","33.2","17.5","9.1","49","0.776","102","0.51","98","0.378","0.538","0.571","14.9","6.5","1.8","0.8","0.8","1.2","21.4","16.7","23.2","6.7","124.1","106.5"
"","Darius Garland","Cle","*","G","25.8","7","27.7","25.6","19.9","24","0.917","49","0.367","39","0.385","0.46","0.523","14.7","2.9","6.9","0.6","0","3.1","17.6","21.6","24.4","9.6","107.8","114.9"
"","Tobias Harris","Det","*","F","33.4","12","29.7","19.3","9.8","36","0.861","82","0.537","55","0.345","0.529","0.576","14.7","5.2","2.5","0.5","0.3","1.3","19.8","17.2","22.3","7.8","119.5","107.5"
"","Walker Kessler","Uta","*","C","24.4","5","30.8","16.3","30","20","0.7","29","0.69","8","0.75","0.784","0.786","14.4","10.8","3","1.4","1.8","3.2","25.2","17.4","28.2","10.1","128.6","106.4"
"","Jarrett Allen","Cle","*","C","27.6","15","26.1","20.6","14.3","66","0.773","139","0.59","4","0","0.573","0.625","14.3","7.6","1.8","1","0.9","1.6","21.9","16.1","23.7","8.9","124","110.4"
"","Paul George","Phi","*","F","35.6","5","23.1","26.8","12.1","18","0.722","29","0.517","29","0.31","0.491","0.531","14","4.8","3.4","2","0.6","1.6","18.8","17.4","22.2","10.6","109.7","110.1"
"","Obi Toppin","Ind","*","F","27.7","3","27.4","23.1","14.1","9","1","19","0.632","17","0.176","0.458","0.526","14","6.7","1.7","1","0","2","20.7","15.7","22.3","7.9","101.3","109.5"
"","Donte DiVincenzo","Min","*","G","28.8","20","31.2","17.2","12","49","0.837","49","0.531","156","0.397","0.58","0.616","14","4","3.6","1.1","0.4","1.4","17.9","17.6","21.5","7.5","124.5","111.2"
"","Rui Hachimura","Lal","*","F","27.8","19","33.1","15.4","9.1","34","0.735","114","0.596","76","0.461","0.634","0.649","14","3.6","0.9","0.5","0.2","1","17.6","14.9","18.5","4.3","123.2","115.6"
"","Sam Merrill","Cle","*","G","29.5","12","25.9","17.6","7.9","16","0.938","17","0.588","99","0.444","0.655","0.679","13.9","2.1","2.3","0.5","0.3","0.8","16","16.2","18.3","6.3","134.1","110.1"
"","Aaron Wiggins","Okc","*","G","26.9","10","26.8","20.7","8","9","0.667","52","0.519","63","0.413","0.574","0.58","13.8","3.4","2.4","0.5","0.7","1","17.2","16.2","19.6","7.2","116.6","103"
"","Anfernee Simons","Bos","*","G","26.5","20","24","23.1","10.6","32","0.844","96","0.5","123","0.407","0.562","0.586","13.7","2.2","2.6","0.5","0.2","1.3","15.9","16.2","18.4","7.1","118","114.4"
"","Reed Sheppard","Hou","*","G","21.4","18","25.2","19.8","10.5","21","0.714","79","0.532","109","0.45","0.614","0.624","13.7","2.9","3.3","1.7","0.5","1.2","16.6","16.9","19.8","8.1","130.3","107.7"
"","Zach Edey","Mem","*","C","23.6","8","25.4","19","19.2","22","0.818","64","0.688","3","0.333","0.679","0.711","13.6","11.1","0.9","0.8","2.3","2","24.8","14.5","25.6","8.1","128.1","101.7"
"","Russell Westbrook","Sac","*","G","37.1","21","28.2","24.2","21.4","53","0.642","137","0.467","109","0.376","0.51","0.529","13.6","7.1","6.8","1.2","0.1","3.2","20.7","20.3","27.4","12.3","104.6","113.4"
"","Matas Buzelis","Chi","*","F","21.1","20","28.2","20.3","14.6","55","0.8","123","0.537","93","0.344","0.528","0.566","13.6","5.6","1.6","0.8","1.5","1.9","19.2","15.2","20.7","7","105.7","111.1"
"","Nic Claxton","Bro","*","C","26.6","20","30","18.5","14.4","99","0.697","174","0.575","10","0.1","0.552","0.598","13.6","7.5","4","0.7","1.3","1.6","21.1","17.6","25.1","9.9","127.4","115.5"
"","Jalen Williams","Okc","*","G-F","24.6","2","31.7","23.5","6.2","6","1","29","0.31","1","1","0.35","0.414","13.5","6","6.5","1","2","1","19.5","20","26","10.2","99.8","100"
"","Jonathan Kuminga","Gol","*","F","23.2","14","27.1","22.6","20.4","48","0.771","102","0.539","42","0.333","0.528","0.572","13.5","6.2","2.8","0.4","0.3","2.6","19.7","16.3","22.5","9.1","106","109.9"
"","Collin Gillespie","Pho","*","G","26.4","22","26.8","19.9","14.4","24","0.833","77","0.455","154","0.442","0.593","0.609","13.4","3.8","5","1.2","0.3","1.8","17.2","18.3","22.1","9.5","124.2","114.1"
"","Santi Aldama","Mem","*","F-C","24.9","21","26.1","20.9","9","49","0.673","138","0.565","93","0.333","0.539","0.558","13.4","6.6","3","1","0.8","1.1","20","16.4","23","9.8","116.2","111.2"
"","Anthony Black","Orl","*","G","21.9","21","27.7","20.8","16.6","74","0.676","139","0.554","76","0.342","0.54","0.57","13.4","3.2","2.8","1.4","0.7","2","16.7","16.2","19.5","7.1","108","106.9"
"","Jalen Suggs","Orl","*","G","24.5","16","24.4","23.9","23.1","48","0.917","65","0.646","91","0.319","0.548","0.607","13.4","3.9","4.8","1.9","0.6","2.9","17.4","18.2","22.1","10.3","111.9","100.7"
"","Saddiq Bey","Nor","*","G-F","26.6","20","28.3","18.6","5.7","53","0.66","106","0.509","110","0.373","0.535","0.556","13.3","6","2.3","1","0.1","0.7","19.3","15.6","21.5","8","122.6","121.3"
"","Malik Monk","Sac","*","G","27.8","18","24.3","22.2","8.9","32","0.875","113","0.487","82","0.402","0.536","0.567","13.2","1.9","2.2","0.9","0.6","1.1","15.1","15.3","17.3","6.3","109.9","118.9"
"","Dylan Harper","San","*","G","19.8","9","21.3","25.2","10.7","26","0.808","72","0.556","19","0.316","0.538","0.581","13.2","3","3.1","1.1","0","1.2","16.2","16.3","19.3","9.3","121.3","104.5"
"","Cedric Coward","Mem","*","G","22.2","21","27.1","19.4","12.1","62","0.855","114","0.535","96","0.354","0.533","0.584","13.2","6","2.7","0.6","0.3","1.4","19.1","15.9","21.9","8.8","117.7","110"
"","Tre Jones","Chi","*","G","25.9","17","28.6","17.4","16.6","81","0.852","115","0.574","25","0.32","0.557","0.641","13.2","3.2","4.9","1.7","0.2","1.6","16.5","18.1","21.4","8.3","128.3","115.7"
"","Isaiah Joe","Okc","*","G","26.4","16","23.7","19.8","8.9","39","0.923","30","0.6","113","0.407","0.608","0.656","13.1","2.8","1.4","0.6","0.2","0.9","15.9","14.6","17.4","6.3","126.8","104.4"
"","Naz Reid","Min","*","C-F","26.3","20","24.9","22.3","11.9","25","0.72","109","0.55","112","0.366","0.55","0.563","13.1","5.7","2.1","1","1","1.5","18.8","15.1","20.8","8.7","111.3","104.2"
"","Keldon Johnson","San","*","F-G","26.1","19","24.2","19.1","10.3","48","0.813","115","0.687","51","0.333","0.63","0.663","13.1","6.6","1.8","0.8","0.1","1","19.7","14.8","21.5","8.9","136","108.3"
"","Kyle Kuzma","Mil","*","F","30.4","21","25.9","20.9","12.1","63","0.762","144","0.563","59","0.356","0.554","0.592","13","4.4","2.3","0.9","0.4","1.3","17.4","15.3","19.7","7.9","114.7","112.5"
"","Mark Williams","Pho","*","C","24","18","25.4","17.4","12.2","61","0.754","143","0.65","0","0","0.65","0.683","12.9","8.9","1.1","1.3","0.9","1.1","21.8","13.9","22.9","7.9","138.3","103.3"
"","Duncan Robinson","Det","*","F","31.6","20","32","14","6.8","30","0.767","40","0.575","152","0.401","0.596","0.614","12.6","2.9","2.2","1","0.4","0.7","15.5","14.8","17.6","5.4","127.7","110.4"
"","Myles Turner","Mil","*","C-F","29.7","22","29.6","17.9","10.6","49","0.714","88","0.5","130","0.392","0.553","0.576","12.5","6.2","1.8","1","1.7","1.2","18.7","14.4","20.5","7","113.6","111.7"
"","Dennis Schroder","Sac","*","G","32.2","18","29.2","21.1","14.4","41","0.78","126","0.437","81","0.333","0.461","0.495","12.4","3.7","6","0.8","0.2","1.9","16.1","18.4","22.1","8.9","103.8","118.9"
"","Harrison Barnes","San","*","F","33.5","19","30.7","15","13.1","33","0.879","66","0.606","99","0.424","0.624","0.655","12.4","3.3","2.1","1.1","0.2","1.3","15.6","14.5","17.7","5.7","126","113"
"","Noah Clowney","Bro","*","F-C","21.4","20","27.4","19.2","15.9","74","0.811","54","0.574","125","0.336","0.525","0.586","12.4","3.5","1.8","0.7","0.7","1.7","15.9","14.2","17.7","6.2","110.1","115.9"
"","Jaylon Tyson","Cle","*","G-F","23","17","26.7","16.2","9.4","21","0.762","72","0.542","81","0.481","0.637","0.65","12.4","4.9","1.8","1.2","0.7","0.9","17.3","14.2","19.1","7.2","130.5","105.1"
"","Toumani Camara","Por","*","F","25.6","20","34","16.1","15.8","28","0.75","83","0.542","140","0.321","0.504","0.523","12.3","5.4","2.8","1.1","0.6","2.1","17.7","15.1","20.5","6.7","107.3","114.1"
"","Wendell Carter Jr.","Orl","*","C-F","26.6","20","29.6","15.5","19.5","71","0.803","97","0.588","55","0.455","0.622","0.671","12.3","7.6","2","0.7","0.8","1.9","19.9","14.3","21.8","7.7","128.7","102.7"
"","Brandin Podziemski","Gol","*","G","22.8","21","28.4","18.1","11.2","53","0.755","105","0.486","101","0.386","0.532","0.565","12.3","4.6","3","1.2","0.2","1.2","16.9","15.3","19.9","7.8","114.4","108.6"
"","Moses Moody","Gol","*","G","23.5","19","26.1","19.1","11.7","42","0.857","56","0.429","125","0.392","0.539","0.579","12.2","3.4","1.4","1.1","0.8","1.3","15.5","13.6","16.9","5.9","111.3","109.5"
"","Max Christie","Dal","*","G","22.8","22","29.3","15.2","11.9","34","0.794","68","0.515","125","0.456","0.624","0.644","12.2","3.3","2","0.5","0.5","1.2","15.5","14.2","17.5","5.9","117.4","112.7"
"","Isaiah Hartenstein","Okc","*","C-F","27.6","19","27.8","17.1","20.7","50","0.64","145","0.69","4","0","0.671","0.678","12.2","10.7","3.4","1.3","0.8","2.1","22.9","15.6","26.3","11","132","94.3"
"","Tim Hardaway Jr.","Den","*","G-F","33.7","20","24.5","17.1","3.2","29","0.897","61","0.541","118","0.415","0.595","0.623","12","1.9","1.6","0.5","0.1","0.3","13.9","13.5","15.4","5.4","131.1","117.3"
"","Naji Marshall","Dal","*","F","27.9","22","27.1","16.9","13.4","91","0.813","106","0.594","68","0.309","0.543","0.614","12","5.3","2.5","1.1","0.1","1.2","17.2","14.5","19.7","8","121.4","107.9"
"","John Collins","Lac","*","F-C","28.2","21","26.8","19.2","13.7","48","0.792","138","0.572","57","0.316","0.544","0.578","11.9","4.9","0.6","0.7","0.7","1.5","16.8","12.5","17.4","4.9","108.7","115.7"
"","Derik Queen","Nor","*","C","20.9","21","23.6","23.3","19.3","76","0.789","179","0.514","17","0.118","0.485","0.545","11.9","6.1","3.4","1","0.8","2.2","18","15.3","21.4","10.6","109.2","109.5"
"","Kevin Huerter","Chi","*","G-F","27.3","19","24.1","20","11.6","33","0.848","92","0.641","90","0.3","0.547","0.578","11.9","3.3","2.4","0.8","0.7","1.3","15.2","14.4","17.6","7.6","111.8","113.2"
"","Quenton Jackson","Ind","*","G","27.2","5","20.1","20.9","13.9","18","0.722","25","0.56","12","0.5","0.622","0.657","11.8","3.4","3.6","1","0.2","1.2","15.2","15.4","18.8","10.4","131.5","110"
"","Kel'el Ware","Mia","*","C","21.6","21","24.4","17.6","10.2","40","0.825","134","0.575","50","0.4","0.582","0.613","11.8","10.6","0.5","1","1.3","1","22.4","12.3","22.9","6.5","126.6","101.7"
"","D'Angelo Russell","Dal","*","G","29.8","18","21.2","27.9","17.8","56","0.696","99","0.515","90","0.256","0.452","0.491","11.7","2.7","4.7","0.5","0.1","2.3","14.3","16.3","19","10","98","111.5"
"","Tre Johnson","Was","*","G","19.7","15","24.2","20.4","14.1","18","0.833","70","0.5","76","0.395","0.548","0.568","11.7","3","1.3","0.4","0.5","1.6","14.7","13","16","5.9","103","122.2"
"","Ausar Thompson","Det","*","G-F","22.8","17","28.3","17.7","12.8","50","0.54","148","0.527","15","0.333","0.525","0.535","11.6","6.1","2.8","1.5","0.8","1.4","17.7","14.4","20.5","8.2","113.4","103.9"
"","Tari Eason","Hou","*","F","24.6","11","23.2","18.8","16.6","7","0.714","42","0.476","53","0.509","0.637","0.642","11.5","5.2","1.6","0.8","0.5","1.7","16.6","13.1","18.3","7.9","121","108.3"
"","Josh Hart","Nyk","*","G","30.7","18","28.4","16.9","19.7","34","0.794","89","0.584","66","0.379","0.577","0.606","11.4","7.8","5.1","1.3","0.3","2.1","19.3","16.5","24.3","10.8","123.7","104.2"
"","Christian Braun","Den","*","G","24.6","11","29.6","16.2","12.6","29","0.793","69","0.609","28","0.214","0.526","0.569","11.4","4.4","3","0.8","0.3","1.3","15.7","14.4","18.7","7.2","121.9","113.3"
"","A.J. Green","Mil","*","G","26.2","22","29.1","12.9","10.6","22","0.773","12","0.5","148","0.5","0.731","0.74","11.4","3","2.2","0.5","0","0.9","14.4","13.6","16.6","5.8","132.9","113.9"
"","Jaylen Wells","Mem","*","F","22.3","21","26.4","17.5","7","47","0.766","90","0.511","108","0.343","0.513","0.546","11.4","3.5","1.7","0.7","0","0.7","14.9","13.1","16.6","6.2","115.1","111.4"
"","Zaccharie Risacher","Atl","*","F","20.7","19","24.7","19.6","7.8","27","0.63","99","0.586","91","0.308","0.526","0.537","11.4","2.6","1.5","1.1","0.7","0.8","14.1","12.9","15.5","5.7","105.5","111.1"
"","Miles McBride","Nyk","*","G","25.2","16","26.6","16.4","8.1","16","0.75","51","0.431","97","0.433","0.574","0.587","11.4","2.6","2.4","0.8","0.2","0.8","13.9","13.8","16.3","6.2","124.2","113"
"","Royce O'Neale","Pho","*","F","32.5","22","30.2","14.8","13","10","0.7","36","0.472","165","0.418","0.6","0.604","11.3","5.4","3","1.2","0.2","1.4","16.7","14.2","19.6","7.5","120.1","109.4"
"","Cameron Johnson","Den","*","F","29.7","19","29.1","15.3","12.1","38","0.842","78","0.538","82","0.39","0.563","0.6","11.2","3.3","2.2","0.7","0.3","1.2","14.5","13.3","16.6","6","120.4","113.7"
"","Klay Thompson","Dal","*","G","35.8","21","21.8","22.4","8","15","0.8","58","0.431","161","0.354","0.505","0.516","11.1","2.5","1.4","0.3","0.3","0.9","13.6","12.5","15","6.2","99.9","113.9"
"","Bobby Portis","Mil","*","F","30.8","22","21.3","22","10.5","16","0.688","130","0.485","74","0.473","0.566","0.573","11","5.5","1.2","0.4","0","1.1","16.5","12.2","17.7","7.8","109.3","112.9"
"","Jock Landale","Mem","*","C","30.1","21","22","19.1","11.8","39","0.667","118","0.559","54","0.444","0.593","0.608","11","5.4","1.6","0.5","0.4","1.1","16.4","12.5","18","8.3","121.1","106.3"
"","Julian Champagnie","San","*","F","24.4","19","28.2","16","12.7","46","0.826","42","0.524","116","0.362","0.538","0.583","10.9","5.5","1.4","0.9","0.5","1.2","16.4","12.4","17.8","6.2","116.7","111.9"
"","Tristan da Silva","Orl","*","F","24.6","21","23.5","17.6","9.1","26","0.808","84","0.56","95","0.389","0.573","0.593","10.8","3.8","1.3","0.8","0.3","0.9","14.5","12","15.8","6.4","118.8","110.8"
"","Brandon Williams","Dal","*","G","26","20","21.8","25.3","16.9","72","0.806","131","0.466","61","0.18","0.404","0.476","10.7","2.5","4.1","1.5","0.3","2","13.2","14.7","17.2","8.8","98.4","107.9"
"","Derrick Jones Jr.","Lac","*","F","28.8","13","24.9","15.4","9.8","28","0.786","46","0.717","46","0.348","0.62","0.652","10.5","2.4","1.1","0.8","1.2","0.8","12.8","11.5","13.9","4.9","127.1","118.1"
"","Jakob Poeltl","Tor","*","C","30.1","15","26.4","14.1","18.5","42","0.571","92","0.728","0","0","0.728","0.715","10.5","8.3","2.3","0.8","0.6","1.4","18.9","12.9","21.2","8.9","137.9","100.7"
"","Jordan Clarkson","Nyk","*","G","33.5","19","19.2","22.7","11.7","29","0.862","84","0.595","81","0.309","0.53","0.563","10.5","1.9","1.7","0.3","0.2","1.2","12.5","12.3","14.2","6.7","115.2","108"
"","Peyton Watson","Den","*","G","23.2","20","26.6","15.6","14","38","0.789","98","0.582","55","0.382","0.578","0.61","10.4","4.9","1.8","1","1.1","1.3","15.2","12.2","17","6.8","120.8","110.9"
"","Rudy Gobert","Min","*","C","33.4","20","31.8","12.1","21.5","67","0.493","120","0.725","0","0","0.725","0.692","10.4","10.1","1.9","0.4","1.6","1.7","20.5","12.2","22.3","7.4","132.4","106.6"
"","Ace Bailey","Uta","*","F","19.3","20","22.1","19.1","13","19","0.842","92","0.554","81","0.358","0.546","0.565","10.3","3.4","1.8","0.9","0.3","1.3","13.6","12","15.4","7.2","111.7","114.1"
"","Cam Spencer","Mem","*","G","25.7","21","20.3","18.5","14.2","34","0.882","51","0.471","100","0.46","0.616","0.651","10.3","2","3.5","0.7","0.1","1.2","12.3","13.8","15.8","8.2","125.2","112.1"
"","Dyson Daniels","Atl","*","G","22.7","22","33.8","15.5","19.3","31","0.548","178","0.545","31","0.161","0.5","0.508","10.3","6.5","6","2.3","0.4","2.3","16.8","16.3","22.8","8.7","110.2","109.1"
"","Sandro Mamukelashvili","Tor","*","F-C","26.5","20","18.9","19.5","10.2","42","0.81","88","0.614","52","0.404","0.611","0.647","10.3","4.1","1.7","0.5","0.5","0.8","14.4","12","16.1","8.8","129.7","107.2"
"","Donovan Clingan","Por","*","C","21.8","19","25.4","14.9","8.4","37","0.811","97","0.629","55","0.255","0.539","0.576","10.2","10","1.7","0.7","1.5","0.7","20.2","11.9","21.9","8.8","135.5","109.2"
"","Simone Fontecchio","Mia","*","F","30","20","18.9","20.6","11.3","36","0.833","43","0.512","113","0.381","0.554","0.591","10.2","2.9","1.6","0.5","0.2","1","13","11.8","14.6","7.7","113.3","107.1"
"","Khris Middleton","Was","*","F","34.3","15","25.8","17.4","17.8","25","0.72","87","0.54","37","0.351","0.536","0.559","10.1","4.3","3.5","0.7","0.4","1.8","14.3","13.5","17.8","8.3","110.6","116.6"
"","Jarace Walker","Ind","*","F","22.2","21","27.4","19.3","17.5","54","0.796","100","0.37","103","0.301","0.411","0.463","10","5.2","2.4","0.7","0.5","2","15.2","12.4","17.7","7.3","91.1","113.3"
"","Gary Trent Jr.","Mil","*","G","26.9","22","28.2","15.5","9.1","26","0.769","54","0.444","135","0.378","0.532","0.551","10","1.4","1.8","0.9","0.1","0.9","11.4","11.8","13.2","4.2","106.6","118.8"
"","Jalen Smith","Chi","*","F-C","25.7","18","17.1","22.4","11.5","23","0.739","61","0.623","77","0.377","0.591","0.608","10","5.8","1.2","0.3","0.7","1","15.8","11.2","17.1","9.6","119.8","107.6"
"","Davion Mitchell","Mia","*","G","27.2","21","30.2","13.3","16.6","35","0.6","104","0.577","57","0.404","0.587","0.595","10","2.9","7.8","1.4","0","1.5","12.9","17.8","20.6","8.1","127.1","107.6"
"","Vit Krejci","Atl","*","G","25.5","18","23.1","14.8","10.1","16","0.688","28","0.643","96","0.458","0.677","0.683","9.9","2.3","1.8","0.6","0.3","0.8","12.2","11.8","14.1","6","125.8","110.5"
"","Caris LeVert","Det","*","G","31.3","15","20.4","19.6","16.9","38","0.605","59","0.508","49","0.449","0.583","0.597","9.9","1.6","2.9","0.7","0.4","1.5","11.5","12.8","14.4","7","115","113.3"
"","Isaiah Stewart","Det","*","F-C","24.5","18","22.7","16.9","15","36","0.694","87","0.586","43","0.395","0.588","0.61","9.9","6.6","1.2","0.2","1.9","1.3","16.4","11.1","17.7","7.5","120","100.2"
"","T.J. McConnell","Ind","*","G","33.7","11","16.9","23.5","7.5","1","1","82","0.561","16","0.313","0.546","0.549","9.8","2.6","4.3","1.1","0.2","0.7","12.5","14.1","16.7","11.3","119.4","111.6"
"","Neemias Queta","Bos","*","C","26.4","18","23.9","15","11","35","0.6","118","0.661","3","0","0.645","0.649","9.8","8.5","1.6","0.6","1.4","0.8","18.3","11.4","19.9","8.5","139.6","101.4"
"","Cam Whitmore","Was","*","F","21.4","19","16.8","23.2","10.9","29","0.793","99","0.576","48","0.333","0.551","0.579","9.7","2.8","0.7","0.7","0.3","0.9","12.5","10.4","13.2","6.4","110.2","120.7"
"","Pelle Larsson","Mia","*","G","24.8","21","22.5","16.7","13.8","51","0.784","80","0.55","69","0.362","0.547","0.592","9.7","2.7","3.4","0.6","0.2","1.1","12.4","13","15.8","7.9","119.4","108.7"
"","Bilal Coulibaly","Was","*","G","21.4","11","27.3","17","19.6","35","0.771","48","0.458","38","0.289","0.448","0.513","9.5","3.9","3.1","1.3","1","1.9","13.4","12.5","16.5","7.1","100.6","116.6"
"","Herbert Jones","Nor","*","F","27.2","16","30.3","15.3","15.5","23","0.739","72","0.417","69","0.362","0.479","0.503","9.5","3.8","2.3","1.4","0.3","1.6","13.3","11.8","15.6","5.8","100.9","113.6"
"","Daniel Gafford","Dal","*","F-C","27.2","14","23.5","15","18.9","41","0.78","81","0.617","0","0","0.617","0.666","9.4","6.5","1.4","0.9","1.5","1.4","15.9","10.8","17.3","7.5","127.2","102.3"
"","Svi Mykhailiuk","Uta","*","G-F","28.5","20","26.1","13.1","9.7","8","0.875","47","0.745","102","0.363","0.607","0.616","9.4","2.7","2.2","0.5","0.2","0.8","12.1","11.6","14.3","5.9","122.8","121"
"","Moussa Diabate","Cha","*","F","23.9","21","22.9","13.9","11.6","69","0.71","114","0.64","0","0","0.64","0.675","9.3","8","1.2","0.7","1.1","0.7","17.3","10.5","18.5","7.8","147.1","109.4"
"","Landry Shamet","Nyk","*","G","28.7","15","20.9","15.2","7","34","0.794","27","0.519","66","0.424","0.602","0.644","9.3","2","1.2","0.4","0.2","0.5","11.3","10.5","12.5","5.4","134.5","113.6"
"","Marcus Smart","Lal","*","G","31.7","14","26.8","16.6","20.7","32","0.938","40","0.65","63","0.254","0.485","0.555","9.3","2.3","2.9","1.7","0.3","1.9","11.6","12.2","14.5","5.9","107.1","107.6"
"","Bogdan Bogdanovic","Lac","*","G","33.3","9","25.6","17.7","14.7","13","0.846","28","0.429","47","0.34","0.48","0.514","9.2","3.4","3.3","0.8","0.1","1.4","12.7","12.6","16","7.3","105.1","114.2"
"","Tre Mann","Cha","*","G","24.8","18","20.6","24.1","16.3","13","0.923","85","0.424","89","0.303","0.44","0.459","9.2","2.8","2.7","0.6","0.1","1.9","11.9","11.8","14.6","8","93.3","112.3"
"","Daniss Jenkins","Det","*","G","24.3","16","18.6","21.6","16.4","26","0.692","81","0.506","41","0.366","0.52","0.543","9.1","2.1","3.9","1.1","0.1","1.5","11.2","12.9","15.1","9.1","113.7","109.3"
"","Brice Sensabaugh","Uta","*","F","22.1","19","16","22.8","10.2","30","0.867","53","0.547","88","0.33","0.514","0.554","9","2.6","1.1","0.7","0.2","0.8","11.6","10.1","12.7","7.4","110.9","112.6"
"","Ryan Kalkbrenner","Cha","*","C","23.9","19","25.6","11.1","21.7","32","0.781","89","0.82","1","0","0.811","0.821","9","6.6","0.5","0.8","1.8","1.3","15.6","9.5","16.1","4.8","142.6","115.1"
"","Jake LaRavia","Lal","*","F","24.1","20","25.7","15.3","12.7","39","0.667","84","0.56","60","0.333","0.535","0.558","9","3.9","2","1.2","0.3","1.1","12.9","11","14.9","6.4","115.3","110.2"
"","Trendon Watford","Phi","*","G-F","25.1","14","20.4","17.9","19.2","30","0.8","70","0.571","18","0.389","0.574","0.618","8.9","4.7","3.6","0.4","0.2","1.5","13.6","12.5","17.2","10.4","122.8","105.1"
"","Corey Kispert","Was","*","F","26.8","17","19.9","15.7","9.6","29","0.724","36","0.694","67","0.403","0.636","0.657","8.9","2.5","1.7","0.5","0.2","0.6","11.4","10.6","13.1","6.7","128.3","124.5"
"","Ziaire Williams","Bro","*","F","24.2","17","23","17.7","12.8","30","0.867","36","0.583","93","0.301","0.488","0.534","8.9","2.8","0.7","0.8","0.4","1.1","11.8","9.6","12.5","4.5","103.6","115.5"
"","Jose Alvarado","Nor","*","G","27.6","20","21.5","17.5","13.3","17","0.882","53","0.528","97","0.351","0.527","0.549","8.7","2.9","2.9","0.9","0.1","1.2","11.5","11.5","14.4","7.8","112.7","116.2"
"","Kyle Filipowski","Uta","*","C","22.1","19","21.1","17.9","15.4","47","0.702","80","0.513","52","0.327","0.504","0.544","8.7","6","2.3","0.3","0.6","1.3","14.7","11.1","17.1","9.4","114.5","108.9"
"","Tyrese Martin","Bro","*","F","26.7","20","21.2","19.3","11.6","22","0.727","71","0.493","88","0.33","0.494","0.513","8.7","3.3","2.6","0.7","0.2","1.1","12","11.3","14.6","7.9","109.2","120.7"
"","Terance Mann","Bro","*","G-F","29.1","19","26.8","14.4","13.3","29","0.828","82","0.512","55","0.345","0.515","0.551","8.7","3.3","3.6","0.7","0.2","1.1","12","12.3","15.6","7","120.7","115.6"
"","Cason Wallace","Okc","*","G","22.1","20","28.6","13.5","13.2","11","0.909","68","0.515","83","0.373","0.54","0.555","8.7","2.9","2.6","2.2","0.3","1.2","11.6","11.2","14.1","5.6","111.4","100.8"
"","Marvin Bagley III","Was","*","F","26.7","15","16.7","18.2","14.1","23","0.696","78","0.667","7","0.429","0.665","0.678","8.6","4.7","1.3","0.6","0.5","0.9","13.3","9.9","14.6","9","133.7","113.9"
"","Egor Demin","Bro","*","G","19.8","18","22.9","18.8","16.5","12","0.833","48","0.438","98","0.347","0.493","0.509","8.6","3.6","3.6","0.8","0.4","1.6","12.1","12.1","15.7","8.4","103.6","116.1"
"","Jordan Miller","Lac","*","G","25.9","4","13.6","21.9","13.4","12","0.917","9","0.444","10","0.5","0.605","0.7","8.5","2.3","0.8","0.5","0","0.8","10.8","9.3","11.5","7.4","135.1","119.3"
"","Tolu Smith","Det","*","F","25.4","2","11.2","22.1","10.7","7","0.714","8","0.75","0","0","0.75","0.767","8.5","5.5","1","0.5","0.5","0.5","14","9.5","15","12.9","155.9","100.3"
"","Jusuf Nurkic","Uta","*","C","31.3","20","24.5","18.3","26","48","0.542","118","0.517","30","0.233","0.483","0.5","8.5","9.5","4","1.6","0.4","2.6","17.9","12.5","21.9","11.2","100.9","104.5"
"","Aaron Holiday","Hou","*","G","29.2","13","15.4","20.6","10.9","23","0.87","24","0.417","57","0.404","0.549","0.598","8.4","0.8","1.2","0.5","0.1","0.8","9.2","9.6","10.5","5.2","125.7","110.3"
"","Jordan Goodwin","Pho","*","G","27.1","19","20.2","18.6","13.3","12","0.75","75","0.507","68","0.368","0.528","0.54","8.4","4.3","2.1","1.5","0.2","1.2","12.7","10.5","14.8","8.4","115.4","109.1"
"","Will Richard","Gol","*","G","22.9","19","18.4","15.8","10.1","29","0.759","44","0.75","62","0.387","0.651","0.674","8.4","2.7","1.1","1","0.1","0.6","11.1","9.5","12.2","6.4","132.4","105.7"
"","Caleb Love","Por","*","G","24.2","12","18","23.4","8.1","12","0.75","43","0.419","70","0.257","0.398","0.418","8.3","2.9","2.2","0.5","0","0.8","11.2","10.4","13.3","8.3","98","115"
"","Jonas Valanciunas","Den","*","C","33.6","20","12.6","25.8","14","40","0.775","107","0.589","9","0.222","0.569","0.61","8.2","4.8","1.2","0.1","0.6","1","12.9","9.3","14.1","11.5","123.1","101.9"
"","Isaiah Jackson","Ind","*","F","23.9","21","19.2","16","18.6","51","0.804","109","0.606","0","0","0.606","0.658","8.2","5.7","1","0.8","0.8","1.2","13.9","9.2","14.9","7.5","126.4","101.3"
"","Ryan Dunn","Pho","*","F","22.9","17","23.9","14.5","11.9","15","0.667","69","0.594","49","0.327","0.551","0.562","8.2","5","1.8","1.4","0.6","0.9","13.2","10.1","15.1","7","120.4","106.5"
"","Luke Kornet","San","*","C-F","30.4","12","24.4","11.3","15.3","28","0.786","55","0.691","0","0","0.691","0.728","8.2","5.9","2.2","0.3","1.3","0.8","14.1","10.3","16.3","7.8","151.9","109.2"
"","Bradley Beal","Lac","*","G","32.4","6","20.2","21.9","15.7","8","0.75","29","0.379","19","0.368","0.448","0.476","8.2","0.8","1.7","0.5","0","1.5","9","9.8","10.7","4.4","91.4","115.9"
"","Isaac Okoro","Chi","*","F-G","24.8","15","24.8","13.5","13.2","20","0.75","51","0.529","47","0.383","0.551","0.576","8.2","2.7","1.6","0.4","0.7","1","10.9","9.8","12.5","5.3","114.2","112.1"
"","Vince Williams Jr.","Mem","*","G","25.3","16","22.5","20.2","22.7","28","0.786","56","0.446","70","0.271","0.425","0.466","8.1","4.6","5.7","1","0.4","2.3","12.7","13.8","18.4","10.6","100.6","106.7"
"","Kris Dunn","Lac","*","G","31.7","21","26.4","13.3","17.1","25","0.76","79","0.582","52","0.365","0.569","0.592","8","2.8","2.7","1.6","0.2","1.3","10.8","10.7","13.4","5.9","116.1","115.9"
"","Draymond Green","Gol","*","F","35.7","18","29.1","16.4","28.8","21","0.619","56","0.446","82","0.329","0.475","0.489","8","6.2","5.8","0.8","0.8","3.1","14.2","13.8","20","9.1","96.7","102.6"
"","Luguentz Dort","Okc","*","G","26.6","15","29.1","12.4","8.3","13","0.923","33","0.545","77","0.312","0.491","0.518","8","3.9","1.1","1","0.4","0.7","11.9","9.1","13","4.5","110.7","100.3"
"","Isaiah Collier","Uta","*","G","21.1","12","21.8","16.7","32.1","40","0.725","49","0.551","12","0.333","0.541","0.604","7.9","2.3","5.5","0.6","0.4","2.4","10.3","13.4","15.8","8.5","111.6","116.1"
"","Ryan Nembhard","Dal","*","G","22.7","9","15.7","19.7","15.3","3","0.667","34","0.618","21","0.429","0.627","0.63","7.9","1.1","3.7","0.1","0","1.1","9","11.6","12.7","8.1","121.5","111.2"
"","Ronald Holland II","Det","*","F","20.4","21","21.4","17.6","17.7","30","0.833","93","0.516","55","0.273","0.476","0.515","7.9","3.3","1.8","1.8","0.3","1.5","11.2","9.7","13","6.7","101.7","102.1"
"","Dominick Barlow","Phi","*","F","22.5","10","26.8","12.5","18.8","13","0.769","42","0.643","18","0.278","0.575","0.601","7.9","5.5","2.3","0.6","1.2","1.4","13.4","10.2","15.7","6.9","120.2","111.9"
"","Jay Huff","Ind","*","C","28.3","21","17.8","17.6","10.7","24","0.708","43","0.651","90","0.333","0.549","0.568","7.8","3.6","1","0.1","2.3","0.8","11.4","8.8","12.4","6.8","114.5","107.9"
"","Andre Drummond","Phi","*","C","32.3","18","22.4","13.4","12.9","30","0.633","78","0.59","23","0.435","0.604","0.617","7.8","9.8","0.7","0.7","0.9","0.8","17.6","8.5","18.3","6.7","131.2","104.5"
"","Nikola Jovic","Mia","*","F","22.5","16","19.4","19.8","22","36","0.722","54","0.5","52","0.288","0.467","0.513","7.8","3.9","2.8","0.6","0.4","1.9","11.8","10.6","14.6","9.1","98.6","102.7"
"","Cole Anthony","Mil","*","G","25.5","21","16.9","26.3","21.5","20","0.55","113","0.496","47","0.255","0.463","0.471","7.6","2.8","4.3","0.7","0.3","2.1","10.4","11.9","14.7","10.7","96.3","106.9"
"","Kentavious Caldwell-Pope","Mem","*","G","32.8","21","22.4","16.1","14.8","33","0.909","70","0.414","73","0.329","0.455","0.508","7.6","2.4","3","0.7","0.2","1.2","10","10.6","13","6.8","106.1","114.7"
"","Kyle Anderson","Uta","*","F-G","32.2","6","19.5","16","14.2","9","0.667","35","0.514","1","1","0.542","0.563","7.5","2.7","3.8","1.2","0.3","1","10.2","11.3","14","8.7","121.7","108.5"
"","Luke Kennard","Atl","*","G","29.4","19","20.8","14.5","15.7","19","0.947","43","0.512","64","0.406","0.57","0.607","7.4","1.8","2.4","0.8","0.1","1.1","9.2","9.8","11.6","6.1","116.6","114.4"
"","Precious Achiuwa","Sac","*","F","26.2","14","20.9","14.3","7.9","24","0.458","67","0.612","14","0.214","0.562","0.557","7.3","5.2","1","0.6","0.4","0.5","12.5","8.3","13.5","6.4","119.6","115.1"
"","Patrick Williams","Chi","*","F","24.3","19","20.6","16.5","13.8","23","0.652","55","0.364","70","0.386","0.484","0.503","7.2","3.2","1.4","0.8","0.3","1.1","10.3","8.5","11.7","6.2","99","113.7"
"","Josh Minott","Bos","*","F","23","19","18.8","14.7","10.5","20","0.8","51","0.569","51","0.412","0.593","0.618","7.2","4.9","1.3","0.8","0.4","0.6","12.2","8.5","13.4","7.6","133","107.7"
"","Buddy Hield","Gol","*","G","33","21","17.5","19.1","14.9","13","0.923","46","0.609","91","0.308","0.511","0.533","7.2","2","1.5","0.9","0","1.1","9.3","8.7","10.8","6.4","101.4","110.5"
"","Trey Alexander","Nor","*","G","22.6","1","21.2","9.9","20","0","0","3","0.667","1","1","0.875","0.875","7","2","3","0","1","1","9","10","12","6.6","145.8","118.8"
"","Sam Hauser","Bos","*","F","28","20","22.3","14.3","7.5","4","0.75","19","0.421","117","0.342","0.5","0.505","7","3.5","1.5","0.6","0.3","0.6","10.4","8.5","11.9","6","112.4","115.5"
"","Collin Murray-Boyles","Tor","*","F","20.5","16","18.2","15.9","17.7","30","0.667","58","0.552","21","0.429","0.576","0.602","6.9","3.4","1.2","0.7","0.3","1.1","10.3","8.1","11.5","6.7","118.8","105.6"
"","Jaden Ivey","Det","*","G","23.8","6","13.4","23.3","14.2","9","0.889","20","0.45","16","0.313","0.458","0.513","6.8","1.7","0.8","0.3","0","1","8.5","7.7","9.3","6.3","101.2","110.4"
"","Nae'Qwan Tomlin","Cle","*","F","25","13","17.1","15","5.5","20","0.75","44","0.705","24","0.167","0.544","0.579","6.8","2.8","0.5","0.8","0.9","0.3","9.7","7.3","10.2","5","127","104.4"
"","Jared McCain","Phi","*","G","21.8","10","17","19.6","7.8","6","0.833","37","0.324","34","0.382","0.444","0.462","6.8","1.6","1.1","0.8","0","0.6","8.4","7.9","9.5","5.4","97.2","111.6"
"","Dalton Knecht","Lal","*","F","24.6","17","16.7","16.4","7.7","11","0.636","41","0.634","54","0.352","0.574","0.581","6.8","2.1","0.6","0.4","0.4","0.5","8.9","7.5","9.6","4.9","115.2","111.1"
"","Quinten Post","Gol","*","C","25.7","21","16","17.5","12.7","14","0.786","37","0.73","79","0.316","0.556","0.573","6.7","3.9","1.2","0.7","0.6","0.8","10.5","7.9","11.7","7.9","112.1","105.4"
"","Josh Okogie","Hou","*","G","27.3","18","20.7","13.1","11.3","29","0.724","43","0.465","51","0.392","0.532","0.567","6.7","2.5","1","1.3","0.2","0.7","9.2","7.7","10.2","4.9","124.6","107.4"
"","Paul Reed","Det","*","F","26.5","16","12","19.1","19.4","18","0.667","56","0.696","10","0.5","0.705","0.71","6.6","4.3","1.1","0.9","0.8","1","10.9","7.7","12","10.5","131.1","97"
"","Drake Powell","Bro","*","G-F","20.2","14","19.5","14.1","19.4","18","0.944","39","0.59","27","0.37","0.576","0.629","6.6","1.9","2","0.9","0.1","1.1","8.5","8.6","10.5","6","115.8","114.6"
"","Danny Wolf","Bro","*","F","21.6","6","11.7","21.1","6.6","10","0.9","14","0.429","14","0.429","0.536","0.602","6.5","3","1.3","0","0.2","0.3","9.5","7.8","10.8","10","130.9","113.5"
"","Bryce McGowens","Nor","*","G","23.1","11","14","17.1","7.5","23","0.696","33","0.485","16","0.5","0.571","0.609","6.5","1.8","1.2","0.5","0.2","0.4","8.4","7.7","9.5","6.9","127.4","116.2"
"","Javonte Green","Det","*","G","32.4","21","19.4","14","13","38","0.763","54","0.519","53","0.321","0.5","0.55","6.5","3","0.9","1","0.5","0.8","9.5","7.3","10.3","5.4","112.8","108.3"
"","Luka Garza","Bos","*","C","26.9","17","14","15.8","9.2","28","0.75","44","0.636","25","0.44","0.645","0.676","6.5","3.8","0.8","0.3","0.4","0.4","10.2","7.2","11","7.7","148","98.4"
"","Gradey Dick","Tor","*","G-F","22","21","16.2","16.9","7.4","34","0.853","48","0.5","64","0.313","0.482","0.54","6.5","2","0.7","0.7","0.1","0.4","8.5","7.2","9.2","5.2","111.1","111.1"
"","Sion James","Cha","*","G","23","21","26.5","10.6","16.4","28","0.857","41","0.463","66","0.379","0.528","0.574","6.5","3.2","1.6","0.7","0.4","1","9.8","8.1","11.4","4.9","112.6","117.1"
"","Day'Ron Sharpe","Bro","*","C","24.1","19","16.1","18.9","31.8","49","0.571","60","0.667","17","0.294","0.617","0.624","6.5","5.3","1.7","0.7","0.4","1.9","11.8","8.2","13.5","9.6","110.2","105.5"
"","Steven Adams","Hou","*","C","32.4","15","21.6","12.3","18.7","40","0.775","65","0.508","0","0","0.508","0.587","6.5","9.4","1.5","0.6","0.7","1","15.9","8","17.4","8.3","137.8","105"
"","Nick Smith Jr.","Lal","*","G","21.6","7","13.7","22.7","20.3","3","0.667","19","0.421","20","0.45","0.551","0.558","6.4","0.9","2","0.6","0.1","1.4","7.3","8.4","9.3","6.6","99.5","115.7"
"","Bruce Brown","Den","*","G-F","29.3","20","23.1","13.9","11.5","26","0.808","88","0.432","35","0.286","0.431","0.472","6.4","3.8","2.1","0.8","0.2","0.8","10.2","8.4","12.2","6.4","109","109.4"
"","Kobe Sanders","Lac","*","G","23.5","13","19.2","16.8","18.1","18","0.944","33","0.455","39","0.308","0.458","0.519","6.4","1.6","1.3","0.5","0.2","1.2","8","7.7","9.3","4.9","99.1","114.5"
"","Bub Carrington","Was","*","G","20.4","19","25.1","14.9","25.6","14","0.714","62","0.274","60","0.433","0.459","0.476","6.4","3.5","4.2","0.5","0.1","2.2","9.9","10.6","14.1","7.2","93.2","118.7"
"","Goga Bitadze","Orl","*","C-F","26.4","20","16.8","11.9","14.8","35","0.771","62","0.758","7","0.286","0.725","0.752","6.4","5.2","1.5","0.7","1.3","0.6","11.5","7.9","13","8.8","151.7","100.7"
"","Dru Smith","Mia","*","G","27.9","21","17","16","16.8","24","0.75","60","0.517","49","0.367","0.532","0.56","6.4","2.6","2.9","1.5","0.2","1","9","9.3","11.9","8.6","116.9","105.2"
"","Antonio Reeves","Cha","*","G","23","3","12","12.7","0","0","0","3","0.667","8","0.625","0.864","0.864","6.3","1.3","0.3","0","0","0","7.7","6.7","8","4.5","170.1","119.7"
"","Mac McClung","Ind","*","G","26.9","3","11.3","26.5","9.8","4","0.75","8","0.625","10","0.2","0.444","0.481","6.3","1.3","0.3","1.7","0.3","0.7","7.7","6.7","8","4.8","91.4","96.3"
"","Brook Lopez","Lac","*","C","37.7","17","14.4","19.9","12.1","11","0.727","30","0.5","64","0.359","0.527","0.541","6.3","1.9","0.5","0.3","0.8","0.8","8.2","6.8","8.8","5","99.9","112.7"
"","Mouhamed Gueye","Atl","*","F","23.1","22","17.6","15.1","11.5","18","0.5","67","0.672","48","0.271","0.561","0.561","6.3","3.8","1.1","0.6","0.7","0.7","10.1","7.4","11.2","6.8","114.9","107.1"
"","Maxime Raynaud","Sac","*","C","22.7","13","14.5","18.4","10.9","20","0.8","56","0.518","9","0.222","0.492","0.542","6.2","3.5","0.7","0.3","0.4","0.6","9.7","6.8","10.4","6.8","110","108.5"
"","Justin Edwards","Phi","*","F","22","17","17","16.5","14.6","11","0.909","35","0.514","58","0.345","0.516","0.542","6.2","1.9","1.4","0.6","0.2","0.9","8.2","7.6","9.6","6","108.3","108.8"
"","Jeremy Sochan","San","*","F","22.5","13","16.2","16.2","16.1","13","0.769","40","0.6","22","0.318","0.556","0.583","6.1","3.1","1.5","0.4","0.2","0.9","9.2","7.6","10.7","7.5","116.7","100.4"
"","Ben Sheppard","Ind","*","G","24.4","21","25.3","12.7","9","17","0.824","57","0.456","85","0.247","0.405","0.431","6.1","4","2","0.6","0.1","0.7","10.2","8.1","12.1","5.8","98.8","113.5"
"","Taurean Prince","Mil","*","F","31.7","8","21.1","11.5","11.5","3","1","10","0.5","28","0.429","0.605","0.623","6.1","1.6","1","0.8","0.3","0.6","7.8","7.1","8.8","4.1","112.6","111.3"
"","Yves Missi","Nor","*","C","21.6","16","20.4","13.4","19.1","24","0.542","76","0.553","0","0","0.553","0.56","6.1","5.8","1.3","0.2","1.1","1.1","11.8","7.3","13.1","7","119.8","117.1"
"","Jahmai Mashack","Mem","*","G","23.1","1","6.4","25.9","0","0","0","0","0","4","0.5","0.75","0.75","6","2","0","0","0","0","8","6","8","0","127.2","115.4"
"","Jamaree Bouyea","Pho","*","G","26.4","6","12.8","13.6","4.1","2","0.5","11","0.636","12","0.583","0.761","0.754","6","1","1.5","0.7","0.3","0.2","7","7.5","8.5","6.5","155.7","113.7"
"","Doug McDermott","Sac","*","F","33.9","1","7.8","21.8","25","0","0","0","0","3","0.667","1","1","6","0","0","0","0","1","6","6","6","0","110.4","116.7"
"","Blake Wesley","Por","*","G","22.7","6","16.4","18.3","17","10","0.6","24","0.5","10","0.2","0.441","0.469","6","2.3","3.2","1.7","0.2","1.2","8.3","9.2","11.5","8.6","103.7","103.9"
"","Jaylin Williams","Okc","*","F","23.4","20","18","16","16.8","22","0.727","17","0.647","87","0.31","0.495","0.523","6","4.6","2.3","0.6","0.5","1.1","10.5","8.3","12.8","8.9","106.7","95.5"
"","Kris Murray","Por","*","F","25.3","19","24.6","10.5","13.8","18","0.667","62","0.548","38","0.289","0.505","0.524","5.9","3.9","1.2","1.1","0.2","0.8","9.9","7.1","11.1","4.9","113.9","115.8"
"","Drew Eubanks","Sac","*","F-C","28.8","21","15.7","15.5","19.8","33","0.515","83","0.627","2","0.5","0.629","0.623","5.9","3.2","0.4","0.6","0.8","1","9.1","6.3","9.5","5","107.4","113.9"
"","Lonzo Ball","Cle","*","G","28.1","16","23.6","15.1","23.3","12","0.667","17","0.412","85","0.282","0.422","0.438","5.9","4.4","5.1","1","0.3","1.9","10.3","11","15.4","8.6","101.1","109.4"
"","Kevin Love","Uta","*","F-C","37.2","12","14.3","15.9","16.6","16","0.813","13","0.692","37","0.351","0.57","0.614","5.8","4.7","1.8","0.3","0.4","0.8","10.5","7.7","12.3","10.2","126.4","110"
"","Mike Conley","Min","*","G","38.1","20","19.8","11.7","16.1","24","0.917","26","0.346","57","0.439","0.56","0.615","5.8","1.9","3.5","0.6","0.2","0.8","7.7","9.2","11.1","6.8","132.1","110.8"
"","Jamal Shead","Tor","*","G","23.4","21","18.7","14.4","19.3","34","0.794","41","0.415","55","0.364","0.49","0.545","5.8","1.6","5.3","1","0.1","1.1","7.4","11.1","12.7","7.8","122.2","106.8"
"","Al Horford","Gol","*","C-F","39.5","12","21.8","14.5","18.3","6","1","21","0.381","50","0.32","0.451","0.475","5.8","4.3","1.8","1","1","1.3","10.1","7.7","11.9","6.5","96.4","108.6"
"","Jevon Carter","Chi","*","G","30.2","11","12.7","17.4","12.4","6","1","9","0.333","40","0.425","0.582","0.61","5.7","1.2","1.2","0.6","0","0.6","6.9","6.9","8.1","6.4","114.6","113"
"","Keon Ellis","Sac","*","G","25.9","20","16.6","13.7","9","16","0.563","26","0.462","65","0.415","0.577","0.581","5.7","1.4","0.6","1.2","0.4","0.5","7.1","6.3","7.7","4.1","109.3","112.7"
"","Jaxson Hayes","Lal","*","C-F","25.5","17","17.4","10.6","14.4","23","0.696","52","0.75","1","1","0.764","0.768","5.7","3.9","1.2","0.4","0.5","0.5","9.6","6.9","10.8","6.9","151.1","107.9"
"","Alex Caruso","Okc","*","G","31.8","15","18.8","14.4","16.6","10","0.8","27","0.481","48","0.354","0.513","0.535","5.7","2.4","2.5","1.6","0.3","1","8.1","8.2","10.6","6.9","108.5","101.8"
"","Jett Howard","Orl","*","G","22.2","15","10.5","19.4","2.8","5","1","25","0.56","44","0.386","0.572","0.59","5.6","1.1","0.7","0.1","0.2","0.1","6.7","6.3","7.5","6.2","125.8","111.4"
"","Jalen Wilson","Bro","*","F","25.1","16","15","16.9","11.6","19","0.789","25","0.4","51","0.353","0.487","0.528","5.6","1.1","0.7","0.2","0","0.6","6.6","6.3","7.3","4.3","102.2","119.4"
"","Tyrese Proctor","Cle","*","G","21.7","18","12.4","20.2","7","21","0.857","32","0.406","61","0.311","0.446","0.494","5.6","1.3","1.4","0.3","0","0.4","6.9","7","8.3","7","109.5","109"
"","Craig Porter","Cle","*","G","25.8","19","17.3","12.9","15.3","12","0.5","52","0.596","31","0.419","0.608","0.606","5.6","3.1","2.5","1","0.6","0.8","8.7","8.2","11.3","8.1","129.4","111.3"
"","Robert Williams III","Por","*","C-F","28.1","13","14.1","12.1","7.5","7","0.429","43","0.744","6","0.167","0.684","0.672","5.4","4.8","0.8","0.7","1.3","0.3","10.2","6.2","11","7.8","143.8","112"
"","Terrence Shannon Jr.","Min","*","G-F","25.3","11","15.4","15.4","16.6","17","0.706","23","0.435","22","0.409","0.522","0.562","5.4","1.8","0.9","0.4","0","0.8","7.2","6.3","8.1","5.4","106.7","107.5"
"","Walter Clayton Jr.","Uta","*","G","22.7","16","15.9","16.9","22.3","17","1","36","0.5","40","0.275","0.454","0.515","5.4","2.2","3.4","0.6","0.3","1.4","7.6","8.8","10.9","8.6","106.9","113.1"
"","Dean Wade","Cle","*","F-C","29","20","22.3","10.4","6.8","21","0.667","25","0.6","71","0.296","0.484","0.508","5.4","3.7","1.6","0.8","0.6","0.4","9.1","6.9","10.6","5.7","118.6","109.1"
"","Jordan Walsh","Bos","*","G","21.7","16","19.9","11","13.1","14","0.786","39","0.564","27","0.37","0.561","0.589","5.3","4.6","1.1","1","0.5","0.6","9.9","6.4","10.9","6","126.9","103.6"
"","Jaden Hardy","Dal","*","G","23.4","18","10.2","23.6","14.8","20","0.8","30","0.333","50","0.4","0.5","0.541","5.3","1.2","0.4","0.2","0.1","0.8","6.5","5.7","6.9","5.4","96.8","107.4"
"","Micah Peavy","Nor","*","G-F","24.4","17","16.4","15.3","7.3","14","0.714","58","0.517","31","0.194","0.438","0.462","5.2","2.6","1.1","0.6","0.1","0.4","7.8","6.2","8.8","6","108.3","115.3"
"","Ja'Kobe Walter","Tor","*","G","21.2","18","15.8","13.4","15","9","0.889","25","0.48","48","0.417","0.575","0.598","5.1","2.1","0.7","1","0.2","0.7","7.2","5.8","7.8","5","113.4","104.8"
"","Jordan Hawkins","Nor","*","G","23.6","17","15.2","17.5","6.6","7","0.714","44","0.386","54","0.296","0.418","0.43","5.1","1.8","1","0.2","0.1","0.4","6.9","6.1","7.9","5.5","96.1","124.4"
"","Matisse Thybulle","Por","*","G-F","28.7","4","12.2","10.3","8.7","4","1","4","0.5","6","0.667","0.8","0.85","5","1","0.8","2.5","0","0.3","6","5.8","6.8","5.2","164.4","99.7"
"","Tristan Vukcevic","Was","*","F","22.7","16","10.1","22.9","20.4","24","0.75","33","0.576","29","0.276","0.5","0.551","5","1.9","0.8","0.4","0.5","1","6.9","5.8","7.6","7.8","100","113.8"
"","Kelly Olynyk","San","*","F-C","34.6","10","12.1","17.2","26","15","0.8","16","0.688","15","0.333","0.597","0.652","4.9","2.9","1.9","0.4","0","1.1","7.8","6.8","9.7","9.9","124.4","98.9"
"","KJ Simpson","Cha","*","G","23.3","8","13.1","22.2","20.2","4","0.75","27","0.333","16","0.375","0.419","0.436","4.9","2","2.5","0.6","0","1.4","6.9","7.4","9.4","8.9","92","113.5"
"","Karlo Matkovic","Nor","*","F-C","24.7","12","11.4","13.9","11.9","8","0.375","28","0.786","9","0.444","0.757","0.728","4.9","2.8","0.8","0.2","0.5","0.4","7.7","5.8","8.5","7.8","136.8","114.4"
"","RayJ Dennis","Ind","*","G","24.7","13","12.9","22","16.2","9","0.889","34","0.294","38","0.316","0.389","0.421","4.9","1.6","2","0.2","0.3","1.1","6.5","6.9","8.5","7.8","91.2","113.5"
"","Tony Bradley","Ind","*","C-F","27.9","19","12.3","15","10.6","23","0.696","66","0.591","1","0","0.582","0.609","4.9","2.7","0.7","0.1","0.2","0.4","7.6","5.6","8.3","6.8","130.6","104.7"
"","Jeremiah Robinson-Earl","Ind","*","F","25.1","16","18.5","13.2","11.2","14","0.929","48","0.417","31","0.258","0.405","0.452","4.8","5.4","0.8","0.4","0.1","0.6","10.2","5.6","10.9","5.9","105.6","111.7"
"","Pat Spencer","Gol","*","G","29.4","13","12.8","18.6","11.9","14","0.857","40","0.4","19","0.316","0.424","0.476","4.8","1.9","2.5","0.5","0.1","0.6","6.7","7.2","9.2","8.9","114","109"
"","Oso Ighodaro","Pho","*","F","23.4","22","17.1","12.9","22.6","23","0.391","81","0.593","1","0","0.585","0.57","4.8","3.5","1.7","0.7","0.6","1.1","8.3","6.5","10","7.2","107.6","102.4"
"","Cam Christie","Lac","*","G","20.4","14","11.2","19.7","10.1","27","0.741","28","0.357","25","0.32","0.415","0.493","4.6","2.1","0.6","0.4","0.1","0.4","6.6","5.2","7.3","6.4","105.5","118.1"
"","Keaton Wallace","Atl","*","G","26.8","20","15.2","13.6","17.2","10","0.5","28","0.429","49","0.429","0.565","0.565","4.6","1.6","2.8","0.8","0.2","0.8","6.2","7.4","9","7.2","113","109.1"
"","Jarred Vanderbilt","Lal","*","F","26.7","14","18.4","13.5","30.4","19","0.842","36","0.5","14","0.286","0.48","0.548","4.6","5.6","1.5","1","0.4","1.6","10.1","6.1","11.6","7.3","104.1","103.7"
"","Emanuel Miller","Chi","*","F","25.5","2","6.8","18","0","2","0.5","2","0.5","3","0.667","0.8","0.765","4.5","0.5","1","1","0","0","5","5.5","6","7.7","156.6","102"
"","DeAndre Jordan","Nor","*","C","37.4","2","11.7","12.3","16.1","2","0.5","5","0.8","0","0","0.8","0.765","4.5","5","0","0","0","0.5","9.5","4.5","9.5","0","143.2","119.6"
"","Eric Gordon","Phi","*","G","36.9","4","11","11.4","25","0","0","3","1","6","0.667","1","1","4.5","0.5","0.8","0.8","0","0.8","5","5.3","5.8","4.4","139","116.9"
"","Spencer Jones","Den","*","F","24.5","16","14.8","11.3","18.6","10","0.6","22","0.682","26","0.462","0.688","0.687","4.5","1.9","0.6","0.5","0.2","0.7","6.4","5.1","7","4.7","128.8","107.7"
"","Olivier-Maxence Prosper","Mem","*","F","23.4","11","10.1","17","13.7","22","0.909","22","0.591","9","0.111","0.468","0.602","4.5","2.4","0.5","0.2","0.1","0.5","6.8","5","7.4","6.9","125.6","112.9"
"","Trayce Jackson-Davis","Gol","*","F","25.8","12","12.3","15.6","17.3","20","0.65","38","0.526","0","0","0.526","0.566","4.4","3.3","1","0.3","0.6","0.7","7.7","5.4","8.7","7.9","123.4","104.9"
"","Ben Saraf","Bro","*","G","19.6","9","16","18.6","24","10","0.8","20","0.35","24","0.25","0.364","0.413","4.4","1.8","2.9","0.3","0.1","1.6","6.2","7.3","9.1","7.1","89","117"
"","Pete Nance","Mil","*","F","25.8","3","3.3","26.3","0","0","0","2","1","4","0.75","1.083","1.083","4.3","0.7","0.3","0","0","0","5","4.7","5.3","11.7","0","0"
"","Sidy Cissoko","Por","*","G","21.7","15","17.1","12.2","18","16","0.625","26","0.538","33","0.273","0.466","0.492","4.3","2","1.4","0.5","0.1","0.9","6.3","5.7","7.7","5.4","102.5","111.2"
"","Pat Connaughton","Cha","*","G","32.9","12","9.7","15.8","7.4","9","0.667","13","0.692","24","0.375","0.608","0.623","4.3","1.9","0.6","0.4","0.1","0.3","6.2","4.8","6.8","7","127.1","116.4"
"","Liam McNeeley","Cha","*","F","20.1","15","13","14.2","13.7","19","0.842","18","0.333","32","0.375","0.48","0.548","4.3","2.1","0.9","0.2","0.1","0.5","6.3","5.1","7.2","6.2","113.8","111.5"
"","Dereck Lively II","Dal","*","C","21.8","7","16.5","11.8","35.3","10","0.8","18","0.611","0","0","0.611","0.67","4.3","5.3","1.9","0.6","1.6","1.4","9.6","6.1","11.4","8.5","121","95.5"
"","Nicolas Batum","Lac","*","G-F","37","21","18.9","10.1","14.5","7","0.857","5","0.4","71","0.38","0.559","0.575","4.3","2.7","0.6","1","0.5","0.6","7","4.9","7.6","4","108.2","112.8"
"","Javon Small","Mem","*","G","23","8","12.4","17","22","10","0.8","9","0.444","19","0.316","0.464","0.525","4.3","1","2.8","0","0.1","1","5.3","7","8","7.4","108","114.3"
"","Rob Dillingham","Min","*","G","20.9","18","10.5","24.3","19.4","13","0.692","64","0.375","19","0.316","0.398","0.423","4.2","1.2","1.9","0.8","0","1.1","5.3","6.1","7.2","8.1","88.4","106"
"","Jaylen Clark","Min","*","G","24.1","18","14.8","12.5","8.7","22","0.591","32","0.469","31","0.355","0.5","0.523","4.2","2.3","0.5","0.8","0.1","0.3","6.5","4.7","7","4.6","118.7","104.9"
"","Noah Penda","Orl","*","G-F","20.9","11","9.5","15.9","13.8","9","0.778","22","0.455","9","0.667","0.613","0.644","4.1","3.3","1.1","0.1","0.3","0.5","7.4","5.2","8.5","10.4","140.3","105.3"
"","Garrison Mathews","Ind","*","G","29.1","6","11.9","13.4","10.9","12","0.75","0","0","16","0.313","0.469","0.564","4","0.7","0.5","0.3","0.2","0.3","4.7","4.5","5.2","3.8","116","116.8"
"","James Wiseman","Ind","*","C","24.7","1","19.9","12.4","50","0","0","3","0.667","0","0","0.667","0.667","4","4","0","0","1","3","8","4","8","0","88.4","116.2"
"","Keshad Johnson","Mia","*","F","24.4","8","11.4","17.4","8.2","7","0.857","18","0.389","15","0.267","0.394","0.443","4","2.9","0.1","0.4","0.5","0.4","6.9","4.1","7","3.7","98.8","106.1"
"","Taylor Hendricks","Uta","*","F","22","11","14.3","14.1","11.9","10","0.7","24","0.458","20","0.25","0.42","0.455","4","3.7","0.5","0.5","0.3","0.5","7.7","4.5","8.3","5.5","105","120.6"
"","Tidjane Salaun","Cha","*","F","20.3","8","12.6","14","13.7","11","0.636","10","0.5","15","0.333","0.5","0.536","4","3.6","0.6","0.4","0.1","0.5","7.6","4.6","8.3","6.5","111.2","110.3"
"","Gabe Vincent","Lal","*","G","29.5","9","21.6","8.7","13","3","1","6","0.167","27","0.37","0.485","0.51","3.9","0.9","1.7","0.6","0","0.6","4.8","5.6","6.4","3.4","111.1","111.2"
"","Gary Payton II","Gol","*","G","33","20","11.7","14.9","13.3","2","1","49","0.592","22","0.273","0.535","0.543","3.9","3.3","1.6","0.6","0.3","0.6","7.2","5.5","8.8","9.4","119.8","100.6"
"","Baylor Scheierman","Bos","*","G","25.2","16","12.1","9.9","13.5","1","1","8","0.875","30","0.5","0.776","0.78","3.8","1.9","0.6","0.3","0.1","0.4","5.7","4.3","6.3","5.4","142.3","108.7"
"","Branden Carlson","Okc","*","C","26.5","13","8.4","18.2","6.8","5","0.6","21","0.667","20","0.3","0.561","0.567","3.8","1.8","0.6","0.2","0.6","0.2","5.5","4.4","6.2","7.6","119.1","98.4"
"","Nick Richards","Pho","*","C","28","21","9.8","18.3","25.5","28","0.679","58","0.517","0","0","0.517","0.562","3.8","3.4","0.3","0.1","0.5","1","7.2","4","7.5","6.4","105.6","102.2"
"","Nique Clifford","Sac","*","G","23.8","17","15.8","12.5","15.4","18","0.667","32","0.406","28","0.321","0.442","0.479","3.8","2.6","1.6","0.4","0.2","0.6","6.4","5.5","8.1","6.4","104.1","111.1"
"","Kenrich Williams","Okc","*","G-F","31","3","11.1","11.6","11.1","0","0","4","0.25","4","0.75","0.688","0.688","3.7","2.7","0.7","0","0","0.3","6.3","4.3","7","6.9","123.2","92.4"
"","Mitchell Robinson","Nyk","*","C-F","27.7","12","17.2","9.6","21.4","13","0.154","33","0.636","0","0","0.636","0.568","3.7","8.4","0.8","0.8","0.9","0.8","12.1","4.5","12.9","6.8","138.6","98.6"
"","Julian Strawther","Den","*","G","23.6","9","7.9","23.2","9","13","0.692","14","0.643","16","0.125","0.4","0.462","3.7","1.6","0.4","0","0.1","0.3","5.2","4.1","5.7","6.7","96.4","110.5"
"","Chaz Lanier","Det","*","G","24","12","10.8","13.3","2.4","3","1","4","0.5","36","0.333","0.5","0.52","3.6","1.2","0.8","0.3","0","0.1","4.8","4.4","5.6","5.6","126.2","117.4"
"","Asa Newell","Atl","*","F","20.2","13","7.4","18.4","10.4","9","0.778","16","0.5","18","0.444","0.588","0.619","3.6","1.5","0.2","0.4","0.2","0.3","5.1","3.8","5.3","5.5","122.2","103"
"","Bones Hyland","Min","*","G","25.2","14","8.5","18.3","17.9","4","0.75","16","0.75","25","0.32","0.585","0.596","3.6","1.1","1.3","0.4","0","0.6","4.7","4.9","6","8.1","112.9","104.3"
"","Jamison Battle","Tor","*","F","24.6","15","7.2","15.1","16","3","1","12","0.75","19","0.579","0.823","0.835","3.6","1.1","0.1","0.1","0.1","0.4","4.7","3.7","4.9","4.1","126.7","109.3"
"","Larry Nance Jr.","Cle","*","F-C","32.9","16","15","12.9","12.1","3","0.333","32","0.406","33","0.303","0.431","0.43","3.6","2.8","1.3","0.6","0.3","0.6","6.4","4.8","7.6","6.3","99.7","101.4"
"","Chris Livingston","Cle","*","F","22.1","2","7.5","14.9","0","1","1","3","1","2","0","0.6","0.643","3.5","1.5","0.5","0.5","0","0","5","4","5.5","7.4","138.8","100.4"
"","Charles Bassey","Mem","*","C-F","25.1","2","15.3","14","10.9","3","0.333","8","0.375","0","0","0.375","0.376","3.5","7.5","1","0.5","0.5","0.5","11","4.5","12","7.8","110.9","97.2"
"","Malaki Branham","Was","*","F","22.6","8","6.8","20.1","14","12","0.833","9","0.667","9","0.222","0.5","0.601","3.5","1.3","0.6","0.1","0.1","0.4","4.8","4.1","5.4","8.2","122.6","121.7"
"","Jordan McLaughlin","San","*","G","29.6","8","9.2","15.8","7.6","3","1","9","0.556","15","0.333","0.521","0.553","3.5","0.6","1.3","0.9","0","0.3","4.1","4.8","5.4","6.1","126.9","106.8"
"","Clint Capela","Hou","*","C","31.5","17","10.6","13","11.5","12","0.833","46","0.543","0","0","0.543","0.585","3.5","4.5","0.4","0.5","0.6","0.4","8.1","3.9","8.4","7","139.4","105.4"
"","Jabari Walker","Phi","*","F","23.3","18","12.7","12.2","12.4","7","0.857","39","0.564","17","0.235","0.5","0.525","3.4","3.1","0.6","0.1","0.3","0.4","6.5","4.1","7.1","5.8","117.3","106.3"
"","Tyler Kolek","Nyk","*","G","24.7","15","9.4","17","14.7","8","0.625","24","0.583","22","0.273","0.5","0.515","3.4","0.7","1.7","0.5","0","0.5","4.1","5.1","5.9","6.8","113.8","106.9"
"","Moussa Cisse","Dal","*","C","23.2","16","10.7","14.1","28.2","27","0.407","33","0.636","0","0","0.636","0.59","3.3","3.5","0.2","0.3","1.1","0.8","6.8","3.5","7","4.9","107.8","97.7"
"","David Jones Garcia","San","*","F","24","7","7.3","20.3","13.5","5","0.4","17","0.529","2","0.5","0.553","0.542","3.3","1.6","1.9","0.6","0.1","0.4","4.9","5.1","6.7","11.8","124.8","108.4"
"","Kobe Brown","Lac","*","F","25.9","14","11.3","14.3","15.9","4","1","15","0.667","27","0.259","0.488","0.514","3.2","1.9","1.1","0.2","0.1","0.6","5.1","4.3","6.1","6.7","107.6","120.7"
"","Justin Champagnie","Was","*","G-F","24.4","17","11.2","12.5","6.1","18","0.833","30","0.567","16","0.125","0.435","0.51","3.2","3.4","0.8","0.6","0.2","0.2","6.6","4","7.4","7.3","131.5","115.6"
"","Xavier Tillman","Bos","*","F","26.9","9","10.6","13.5","10","0","0","14","0.714","13","0.231","0.537","0.537","3.2","2.6","0.6","0.7","0.2","0.3","5.8","3.8","6.3","6.4","121.3","110.8"
"","Mark Sears","Mil","*","G","23.8","7","3.7","34.5","23.1","8","0.75","5","0.4","8","0.5","0.615","0.666","3.1","0.3","0.3","0","0","0.6","3.4","3.4","3.7","7.1","0","0"
"","Duop Reath","Por","*","C","29.4","16","7","12.7","5.6","0","0","6","0.667","28","0.5","0.735","0.735","3.1","0.6","0.3","0.2","0.1","0.1","3.8","3.4","4","4.7","143.1","114.2"
"","Yanic Konan Niederhauser","Lac","*","C","22.7","10","5.4","20.5","14.1","10","0.5","18","0.722","0","0","0.722","0.692","3.1","1.3","0.3","0","0.3","0.3","4.4","3.4","4.7","7.9","133.4","119.2"
"","Adem Bona","Phi","*","F","22.7","14","15.9","9.2","26.7","18","0.556","27","0.556","3","0.333","0.55","0.567","3.1","3.6","0.2","0.4","1.8","0.8","6.6","3.3","6.9","3.3","108.2","108.2"
"","Ochai Agbaji","Tor","*","G","25.6","15","13.6","12.1","9.2","10","0.7","32","0.563","17","0.059","0.398","0.431","3.1","1.9","0.7","0.4","0.1","0.3","4.9","3.7","5.6","4.7","94.4","104.1"
"","Monte Morris","Ind","*","G","30.4","6","10.8","15.2","9","4","0.5","12","0.417","8","0.25","0.4","0.414","3","1.2","1.5","0.2","0.2","0.3","4.2","4.5","5.7","6.5","97.4","118.4"
"","Ousmane Dieng","Okc","*","F","22.5","14","11","14.2","12.1","4","1","22","0.455","21","0.286","0.442","0.469","3","1.7","0.8","0.1","0.4","0.4","4.7","3.8","5.5","5.8","98.4","103.6"
"","Riley Minix","San","*","F","25.2","3","2.8","30.8","0","0","0","3","1","3","0.333","0.75","0.75","3","0.7","0.3","0.3","0","0","3.7","3.3","4","12.2","0","0"
"","Kevon Looney","Nor","*","F","29.8","11","13.1","11.5","13.4","6","0.5","25","0.52","7","0.143","0.453","0.462","2.9","4","1.5","0.4","0.5","0.5","6.9","4.4","8.4","7.9","119.3","109.2"
"","Chris Paul","Lac","*","G","40.6","16","14.2","14","22.2","2","0.5","26","0.308","30","0.333","0.411","0.413","2.9","1.8","3.3","0.7","0","1","4.7","6.3","8","7.3","100.4","113.8"
"","Bobi Klintman","Det","*","F","22.7","6","8.8","21.1","19.2","3","0","10","0.4","11","0.273","0.405","0.381","2.8","2.7","0.7","0.3","0","0.8","5.5","3.5","6.2","7.9","81.8","95.5"
"","Jase Richardson","Orl","*","G","20.1","11","6.2","17.9","14.6","5","0.8","12","0.5","11","0.455","0.587","0.615","2.8","0.6","0.9","0.1","0","0.4","3.5","3.7","4.4","7.4","120.9","112.3"
"","Jonathan Isaac","Orl","*","F","28.2","19","10","12.7","11.7","16","0.563","22","0.682","23","0.217","0.5","0.519","2.8","3.1","0.1","0.3","0.5","0.3","5.9","2.9","6.1","3.8","111.3","106.6"
"","Guerschon Yabusele","Nyk","*","F","30","18","10.4","13.3","8.7","6","0.5","17","0.529","35","0.286","0.462","0.467","2.8","2.3","0.5","0.1","0.2","0.3","5.2","3.3","5.7","5.7","109.1","106"
"","Ron Harper Jr.","Bos","*","G-F","25.6","3","5.2","19.3","0","0","0","1","1","6","0.333","0.571","0.571","2.7","1","1","0","0.3","0","3.7","3.7","4.7","10.7","143.9","107.7"
"","Johnny Furphy","Ind","*","G","21","3","12.2","10.1","33.3","0","0","3","0.333","3","0.667","0.667","0.667","2.7","2","0","0.7","0","1","4.7","2.7","4.7","0","84.3","108.2"
"","Julian Phillips","Chi","*","F","22.1","18","8.6","12.2","4.5","4","0.75","20","0.65","22","0.273","0.524","0.537","2.6","1.3","0.2","0.4","0.3","0.1","3.9","2.8","4.1","4.1","121.3","110.5"
"","JD Davison","Hou","*","G","23.2","8","7.1","10.1","7.7","2","0","5","0.8","7","0.571","0.833","0.776","2.5","0.1","1","0.4","0.1","0.1","2.6","3.5","3.6","3.5","158.8","112"
"","Isaiah Livers","Pho","*","F","27.3","13","12.2","9.7","14.5","6","0.833","5","0.6","24","0.292","0.466","0.506","2.5","2.2","0.4","0.5","0.3","0.4","4.6","2.8","5","4.3","108.7","109.4"
"","GG Jackson","Mem","*","F","21","8","6.8","26","6.6","9","0.667","16","0.438","12","0","0.25","0.313","2.5","1.8","0.3","0.5","0.1","0.3","4.3","2.8","4.5","6.5","73.9","106"
"","Jahmir Young","Mia","*","G","25.2","4","4.2","26.7","9.1","0","0","6","0.333","4","0.5","0.5","0.5","2.5","0.3","0.8","0","0","0.3","2.8","3.3","3.5","8","101.4","102"
"","Hugo Gonzalez","Bos","*","G","19.8","15","11","11.2","14.6","5","0.4","22","0.409","13","0.462","0.514","0.511","2.5","1.7","0.7","0.8","0.1","0.4","4.2","3.2","4.9","5.2","109.2","101.3"
"","Yang Hansen","Por","*","C","20.4","11","6.9","23.7","16.5","8","0.875","21","0.429","14","0.071","0.3","0.363","2.5","1.5","0.6","0","0.4","0.6","4.1","3.2","4.7","7.6","82","112"
"","John Konchar","Mem","*","G","29.7","19","12.4","8.8","14.5","4","0.5","17","0.706","24","0.292","0.549","0.55","2.5","2.8","1.2","0.8","0.4","0.4","5.3","3.6","6.4","6.6","117.5","108.7"
"","Gui Santos","Gol","*","F","23.4","15","7.3","18.3","24.3","6","0.667","10","0.6","24","0.292","0.485","0.505","2.5","1.5","0.3","0.3","0.1","0.7","4","2.8","4.3","5.7","93","100.7"
"","Elijah Harkless","Uta","*","G","25.8","7","9.4","11.1","20.9","9","0.778","4","0.5","7","0.286","0.455","0.568","2.4","0.9","0.7","0.6","0","0.4","3.3","3.1","4","4.9","114.9","108.7"
"","Jae'Sean Tate","Hou","*","F","30.1","11","6.9","12.4","4.5","2","1","14","0.643","7","0.286","0.571","0.594","2.4","1.5","0.2","0.3","0","0.1","3.8","2.5","4","5.2","138.7","97.3"
"","Thomas Bryant","Cle","*","C-F","28.3","15","6.6","17.6","5","5","0.4","20","0.7","18","0.111","0.447","0.448","2.4","1.6","0.1","0.3","0.3","0.1","4","2.5","4.1","4.4","99.6","104.5"
"","Zeke Nnaji","Den","*","F-C","24.9","11","8.2","12.8","24.7","7","0.714","7","0.857","11","0.273","0.583","0.617","2.4","1.5","0.2","0.2","0.3","0.5","3.8","2.5","4","4.4","105","102.1"
"","Caleb Houstan","Atl","*","G","22.9","7","5.4","17.2","20.8","3","1","3","0.333","8","0.5","0.636","0.69","2.4","0.6","0.3","0.1","0.1","0.4","3","2.7","3.3","5.6","119.4","108.3"
"","Dwight Powell","Dal","*","F-C","34.4","17","10.5","8","24.6","23","0.783","18","0.611","0","0","0.611","0.711","2.4","2.1","0.9","0.6","0.2","0.4","4.5","3.3","5.4","6.3","147.1","95.1"
"","Gary Harris","Mil","*","G","31.2","14","12.8","8.3","15.4","4","1","13","0.462","14","0.429","0.556","0.591","2.4","1.3","1.2","0.9","0.1","0.4","3.7","3.6","4.9","4.9","122.5","114.5"
"","Javonte Cooke","Por","*","G","26.4","3","7.9","21.7","23.1","0","0","6","0.333","4","0.25","0.35","0.35","2.3","0.3","1","0.3","0","1","2.7","3.3","3.7","4.5","73.1","121.6"
"","Orlando Robinson","Orl","*","C","25.4","3","7.2","9.6","0","0","0","3","0.667","2","0.5","0.7","0.7","2.3","1","0.7","0.3","0","0","3.3","3","4","6.5","165.4","103.5"
"","Jeff Green","Hou","*","F","39.3","7","4.4","17.3","0","0","0","3","0.667","10","0.4","0.615","0.615","2.3","0.4","0","0","0.1","0","2.7","2.3","2.7","0","137.4","113.9"
"","Jalen Pickett","Den","*","G","26.1","8","6.8","15.3","20.6","1","1","8","0.5","7","0.429","0.567","0.583","2.3","0.9","0.9","0","0","0.5","3.1","3.1","4","7.2","111.4","114.9"
"","Cody Williams","Uta","*","F","21","11","12.8","11.9","10","3","0.333","18","0.5","18","0.111","0.333","0.335","2.3","0.9","0.5","0.3","0.2","0.4","3.2","2.8","3.7","3.2","76.7","114.7"
"","Dalen Terry","Chi","*","F","23.4","10","9","12.5","16.5","7","0.429","13","0.538","7","0.286","0.5","0.498","2.3","1.3","1.5","0.4","0.3","0.4","3.6","3.8","5.1","7.3","112.1","107.9"
"","Chris Boucher","Bos","*","F","32.9","8","11.3","11.7","4.3","4","0.75","10","0.6","12","0.083","0.341","0.379","2.3","2.3","0.4","0.6","0.9","0.1","4.5","2.6","4.9","4.5","92.4","96.7"
"","Lindy Waters III","San","*","F","28.3","9","7.8","10.3","0","0","0","1","1","16","0.375","0.588","0.588","2.2","1","0.6","0.1","0","0","3.2","2.8","3.8","5.6","136.2","108.6"
"","Jamir Watkins","Was","*","F","24.4","5","6.6","12.5","10.6","2","1","4","0.75","4","0.25","0.563","0.619","2.2","1.2","0","0","0.2","0.2","3.4","2.2","3.4","0","116.3","109.6"
"","Luke Travers","Cle","*","F","24.2","9","9.1","16.6","3.4","9","1","15","0.267","13","0.077","0.196","0.313","2.2","2","0.8","0.7","0.4","0.1","4.2","3","5","6.7","92.6","109.6"
"","Anthony Gill","Was","*","F","33.1","6","3","20.3","26.9","4","1","4","0.75","1","1","0.9","0.962","2.2","0.8","0","0","0","0.3","3","2.2","3","0","0","0"
"","Will Riley","Was","*","F","19.8","13","6.8","16.3","9.3","6","0.5","22","0.5","7","0.143","0.431","0.442","2.2","1.5","0.8","0.2","0","0.2","3.6","2.9","4.4","8.1","103.1","125.6"
"","Devin Carter","Sac","*","G","23.7","8","8.1","19.2","21.9","5","1","10","0.3","11","0.182","0.286","0.366","2.1","1.5","1.1","0.8","0.1","0.8","3.6","3.3","4.8","7.5","80.7","107.8"
"","Carter Bryant","San","*","F","20","14","7.2","19.3","13.5","3","1","17","0.353","21","0.238","0.355","0.381","2.1","1.5","0.1","0.3","0.1","0.4","3.6","2.2","3.7","3.8","76.4","106.1"
"","Ethan Thompson","Ind","*","G","26.6","1","7","11.8","0","0","0","1","1","1","0","0.5","0.5","2","0","1","0","0","0","2","3","3","0","121.4","111.8"
"","Drew Timme","Lal","*","F","25.2","1","1.2","72","0","0","0","1","1","1","0","0.5","0.5","2","0","0","1","0","0","2","2","2","0","0","0"
"","Isaac Jones","Det","*","F","25.4","1","1.3","62.9","0","0","0","1","1","1","0","0.5","0.5","2","0","0","0","0","0","2","2","2","0","0","0"
"","Daeqwon Plowden","Sac","*","G-F","27.3","1","14","15.2","0","0","0","2","0.5","3","0","0.2","0.2","2","2","0","0","0","0","4","2","4","0","72","130.6"
"","Wendell Moore Jr.","Det","*","G","24.2","3","14.4","6.6","14.3","0","0","5","0.6","1","0","0.5","0.5","2","1.3","1","0.7","0.3","0.3","3.3","3","4.3","3.8","110.7","115.8"
"","Maxi Kleber","Lal","*","F","33.8","9","11.7","7.3","12.2","4","0.75","6","0.5","8","0.375","0.536","0.571","2","1.9","0.7","0.2","0.3","0.2","3.9","2.7","4.6","4.7","132.5","104.2"
"","Koby Brea","Pho","*","G","23.1","2","3.9","20.8","0","2","1","1","1","2","0","0.333","0.515","2","0.5","1","0","0","0","2.5","3","3.5","10.3","0","0"
"","Johni Broome","Phi","*","F","23.4","5","6.3","22.6","12.2","2","1","12","0.333","2","0","0.286","0.336","2","1.8","0.6","0.4","0","0.4","3.8","2.6","4.4","8.2","90.6","105"
"","E.J. Liddell","Bro","*","F","25","7","4.6","17.8","0","3","0.667","4","0.75","8","0.25","0.5","0.526","2","1.3","0","0","0","0","3.3","2","3.3","0","119.5","111.2"
"","Colby Jones","Det","*","G","23.5","1","6.8","18","0","0","0","1","1","2","0","0.333","0.333","2","4","2","0","0","0","6","4","8","14.8","105.8","87.4"
"","Joan Beringer","Min","*","F","19.1","9","4.1","16.2","15","3","0.667","11","0.727","0","0","0.727","0.731","2","1.3","0","0.1","0.2","0.2","3.3","2","3.3","0","124.7","87.6"
"","Jericho Sims","Mil","*","C","27.1","16","11.3","7.4","35.3","6","0.667","18","0.778","0","0","0.778","0.775","2","2.8","0.7","0.2","0.3","0.6","4.8","2.7","5.4","5.6","135.7","109.7"
"","Hunter Dickinson","Nor","*","C","25","1","4.7","35.6","50","0","0","2","0.5","0","0","0.5","0.5","2","0","0","0","1","2","2","2","2","0","43.1","84.3"
"","Tyus Jones","Orl","*","G","29.6","21","13.9","8.8","11.4","2","1","22","0.409","32","0.219","0.361","0.374","2","0.9","2.1","0.7","0.1","0.3","2.8","4","4.9","4.5","103.3","112.6"
"","Rasheer Fleming","Pho","*","F","21.4","11","5.4","18.8","11.8","4","1","9","0.444","13","0.231","0.386","0.442","1.9","1.2","0.2","0.1","0.1","0.3","3.1","2.1","3.3","5.7","102.3","106.7"
"","PJ Hall","Mem","*","C","23.8","7","3.8","17.6","9.7","3","0.667","6","0.667","3","0.333","0.611","0.63","1.9","1.3","0.3","0","0.3","0.1","3.1","2.1","3.4","9.5","0","0"
"","Cody Martin","Ind","*","F","30.2","4","13.8","12.4","28.1","6","0.5","5","0.4","5","0","0.2","0.277","1.8","3.5","0.5","1","0.5","1","5.3","2.3","5.8","4.2","54.8","106"
"","Rayan Rupert","Por","*","G-F","21.5","13","7.9","13","21.7","4","0.5","12","0.417","13","0.308","0.44","0.448","1.8","1.8","0.3","0.5","0.1","0.5","3.7","2.2","4","5","82.1","104.9"
"","Bronny James","Lal","*","G","21.2","12","9.8","13.9","24","2","1","16","0.313","12","0.25","0.339","0.364","1.8","0.8","1.7","0.7","0.1","0.8","2.5","3.4","4.2","5.5","89.1","108.4"
"","Taelon Peter","Ind","*","G","23.8","13","7.8","15.1","22.6","5","0.8","2","0.5","25","0.24","0.37","0.411","1.8","1.2","1.1","0.2","0.2","0.6","3","2.9","4.1","6.8","88.3","116.3"
"","Nolan Traore","Bro","*","G","19.5","4","8.8","14.6","17.8","2","0.5","3","0","6","0.333","0.333","0.354","1.8","0.3","1.3","0.5","0","0.5","2","3","3.3","4","82.6","110.8"
"","Tyson Etienne","Bro","*","G","20","7","4.7","20.9","6.3","0","0","2","0","13","0.308","0.4","0.4","1.7","0","0","0","0","0.1","1.7","1.7","1.7","0","77.4","117.3"
"","Leonard Miller","Min","*","F","22","9","4.3","20","24.6","5","0.6","7","0.857","5","0","0.5","0.528","1.7","1.2","0.4","0.2","0","0.4","2.9","2.1","3.3","8.7","94.9","93"
"","Dylan Cardwell","Sac","*","C","24","3","10.8","11.6","24.3","2","0.5","5","0.4","1","0","0.333","0.363","1.7","1.7","0","0.7","1","0.7","3.3","1.7","3.3","0","71.4","90.7"
"","Dario Saric","Sac","*","F-C","31.7","3","9.2","10.6","15.5","2","1","3","0","2","0.5","0.3","0.425","1.7","1.7","0.7","0","0","0.3","3.3","2.3","4","5.5","97.2","126.4"
"","Harrison Ingram","San","*","F","23","3","3.6","11.8","0","0","0","2","0.5","1","1","0.833","0.833","1.7","1","0","0","0","0","2.7","1.7","2.7","0","0","0"
"","Jamal Cain","Orl","*","F","26.7","5","6.3","14.5","19.6","2","0.5","3","0.667","5","0.2","0.438","0.45","1.6","0.8","0.4","0.2","0.2","0.4","2.4","2","2.8","5.1","93.6","104.9"
"","Jacob Toppin","Atl","*","F","25.6","5","3.4","15","0","0","0","6","0.667","0","0","0.667","0.667","1.6","0.4","0.2","0","0.2","0","2","1.8","2.2","5.9","0","0"
"","Amir Coffey","Mil","*","G-F","28.5","16","8.6","8.1","4.1","3","1","13","0.538","10","0.3","0.5","0.535","1.6","0.9","0.5","0","0.1","0.1","2.5","2.1","3","4.2","124.9","122.3"
"","Chris Youngblood","Okc","*","G","23.8","16","5","13.7","4.3","6","1","3","0.333","19","0.316","0.455","0.528","1.6","0.7","0.3","0.1","0","0.1","2.3","1.9","2.6","5.6","117.1","97.4"
"","Kyle Lowry","Phi","*","G","39.7","2","7.2","2.9","0","0","0","0","0","1","1","1.5","1.5","1.5","0","1.5","0.5","0","0","1.5","3","3","0","263.3","122.5"
"","Myron Gardner","Mia","*","F","24.5","4","2.4","8.6","0","0","0","0","0","2","1","1.5","1.5","1.5","0.5","0.3","0","0","0","2","1.8","2.3","10.1","0","0"
"","DaRon Holmes II","Den","*","F","23.3","2","2.2","9.7","0","0","0","0","0","1","1","1.5","1.5","1.5","0","0","0","0","0","1.5","1.5","1.5","0","0","0"
"","Mason Plumlee","Cha","*","F-C","35.7","8","8.2","7.1","48.5","7","0.571","4","1","0","0","1","0.847","1.5","2.4","1.1","0.3","0","0.5","3.9","2.6","5","7.7","137.6","117.2"
"","Nigel Hayes-Davis","Pho","*","F","31","16","8.6","11.8","15.7","2","0.5","21","0.476","11","0.091","0.359","0.365","1.5","1.3","0.4","0.4","0.1","0.4","2.8","1.9","3.1","4.3","85.1","110.1"
"","Brooks Barnhizer","Okc","*","G","23.8","15","7.5","7.9","10.4","4","0.5","15","0.533","2","0.5","0.559","0.56","1.4","2.1","0.3","0.1","0.1","0.1","3.5","1.7","3.8","5.1","125.3","98.7"
"","Drew Peterson","Cha","*","F","26.1","4","13.3","11.7","0","2","0.5","3","0.667","11","0","0.143","0.168","1.3","1.8","0.5","0.8","0.3","0","3","1.8","3.5","3.2","58.5","115.9"
"","Garrett Temple","Tor","*","G-F","39.6","3","3.3","16.8","31.1","2","0.5","0","0","2","0.5","0.75","0.694","1.3","0.3","0.3","0","0.3","0.3","1.7","1.7","2","5.9","0","0"
"","Khaman Maluach","Pho","*","C","19.2","10","4.4","15.6","37.4","8","0.875","5","0.6","3","0","0.375","0.564","1.3","0.6","0.1","0","0.4","0.5","1.9","1.4","2","3.9","87.7","99.3"
"","Caleb Martin","Dal","*","F","30.2","19","9.7","10.2","19.3","8","0.875","22","0.318","11","0.091","0.258","0.329","1.3","1.7","0.9","0.5","0.2","0.4","2.9","2.2","3.9","5.2","88.1","97.6"
"","Thanasis Antetokounmpo","Mil","*","F","33.4","7","2.5","13.2","0","3","1","4","0.75","0","0","0.75","0.846","1.3","0.3","0","0.3","0.4","0","1.6","1.3","1.6","0","0","0"
"","Adou Thiero","Lal","*","G","21.6","5","3.4","9.9","29.1","2","1","2","1","0","0","1","1.042","1.2","0.4","0","0.2","0","0.2","1.6","1.2","1.6","0","0","0"
"","Andre Jackson Jr.","Mil","*","G","24.1","9","7","13.1","22","2","0.5","6","0.333","8","0.25","0.357","0.37","1.2","0.8","1.6","0.4","0.1","0.4","2","2.8","3.6","6.6","101.7","107.3"
"","Johnny Juzang","Min","*","G","24.7","8","2.8","20.7","9.8","2","0.5","2","0.5","7","0.286","0.444","0.455","1.1","0.4","0.1","0","0","0.1","1.5","1.3","1.6","5","0","0"
"","Lachlan Olbrich","Chi","*","C","21.9","2","11.6","10.8","33.3","0","0","3","0.333","1","0","0.25","0.25","1","3.5","1","0","0","1","4.5","2","5.5","5.2","62.4","92.6"
"","Hunter Sallis","Phi","*","G","22.7","5","3.4","19.2","55.4","2","0.5","3","0.667","0","0","0.667","0.644","1","0.2","0.6","0","0.2","0.8","1.2","1.6","1.8","5.8","0","0"
"","Miles Kelly","Dal","*","G","22.8","2","5.7","11.1","33.3","0","0","1","1","1","0","0.5","0.5","1","2","0","0","0","0.5","3","1","3","0","80.5","96.1"
"","Isaac Jones","Sac","","F","25.4","3","5.6","7.2","0","2","0.5","1","1","1","0","0.5","0.521","1","0.7","0.3","0","0","0","1.7","1.3","2","4.2","147.7","104.9"
"","Jonathan Mogbo","Tor","*","F","24.1","8","4.9","10.9","10","0","0","9","0.444","0","0","0.444","0.444","1","1.4","0.6","0.1","0.3","0.1","2.4","1.6","3","7.7","120.4","104.7"
"","Mohamed Diawara","Nyk","*","F","20.6","12","3.3","16.9","33.3","2","0","4","0.5","6","0.333","0.5","0.46","0.8","0.8","0.4","0.2","0.1","0.4","1.6","1.3","2","7.7","0","0"
"","Amari Williams","Bos","*","F-C","23.8","4","7.1","4.3","0","2","0.5","2","0.5","0","0","0.5","0.521","0.8","1.8","0.3","0.3","0.5","0","2.5","1","2.8","4.3","148.6","106.7"
"","N'Faly Dante","Atl","*","C","24.1","4","3.9","14.9","18.4","1","1","4","0.25","0","0","0.25","0.338","0.8","1.8","0","0.5","0","0.3","2.5","0.8","2.5","0","0","0"
"","AJ Johnson","Was","*","G","21","9","4.8","15.2","14","4","0.75","9","0.222","3","0","0.167","0.254","0.8","0.7","0.4","0","0","0.2","1.4","1.2","1.9","5.1","70.8","124.5"
"","Ariel Hukporti","Nyk","*","C","23.6","12","6.5","9","39.7","4","0.25","9","0.444","0","0","0.444","0.418","0.8","2.2","0.5","0.1","0.3","0.5","2.9","1.3","3.4","5.9","99.4","104.3"
"","Pacome Dadiet","Nyk","*","F","20.4","8","2.7","13.3","0","2","1","3","0.333","3","0","0.167","0.291","0.5","0.6","0.3","0","0","0","1.1","0.8","1.4","6.6","0","0"
"","Bismack Biyombo","San","*","C","33.3","7","6.8","4.4","47.4","2","0.5","2","0.5","0","0","0.5","0.521","0.4","0.9","0.3","0.4","0.1","0.3","1.3","0.7","1.6","2.8","97.7","96.6"
"","Hunter Tyson","Den","*","F","25.5","7","3.8","14.3","0","2","1","3","0","5","0","0","0.113","0.3","1.7","0.4","0.1","0","0","2","0.7","2.4","6.2","0","0"
"","Jahmyl Telfort","Lac","*","G","24.6","7","4.2","10","19.6","4","0.25","0","0","4","0","0","0.087","0.1","0.4","0.1","0.1","0","0.1","0.6","0.3","0.7","1.5","26.2","110.5"
"","Kasparas Jakucionis","Mia","*","G","19.5","1","0.9","89.9","0","0","0","2","0","0","0","0","0","0","0","0","1","0","0","0","0","0","0","0","0"
"","Chucky Hepburn","Tor","*","G","22.8","1","4.9","26","0","0","0","1","0","2","0","0","0","0","1","0","1","0","0","1","0","1","0","0","82.9"
"","Curtis Jones","Den","*","G","24.2","1","1.5","28.3","0","0","0","0","0","1","0","0","0","0","1","0","0","0","0","1","0","1","0","0","0"
"","Isaiah Crawford","Hou","*","F","24.1","1","2.5","0","0","0","0","0","0","0","0","0","0","0","0","0","0","0","0","0","0","0","0","0","0"
"","Tosan Evbuomwan","Nyk","*","F","24.8","2","2.4","8.8","0","0","0","1","0","0","0","0","0","0","1","0","0","0","0","1","0","1","0","0","0"
"","Noa Essengue","Chi","*","F","19","2","3","20.7","0","0","0","1","0","2","0","0","0","0","0","0","0.5","0","0","0","0","0","0","0","0"
"","Chris Manon","Lal","*","G","24","2","3.5","6.2","0","0","0","0","0","1","0","0","0","0","1","0","0","0.5","0","1","0","1","0","0","0"
"","Christian Koloko","Lal","*","C","25.4","2","3.2","0","0","0","0","0","0","0","0","0","0","0","0.5","0","0","0","0","0.5","0","0.5","0","0","0"
"","Joe Ingles","Min","*","F-G","38.2","6","3.8","3.7","0","0","0","0","0","2","0","0","0","0","0","1","0.2","0","0","0","1","1","0","0","0"
"","Sharife Cooper","Was","*","G","24.5","4","2.5","8.4","50","0","0","0","0","1","0","0","0","0","0","0","0","0","0.3","0","0","0","0","0","0"
"","Trey Jemison","Nyk","*","C","26","2","5.1","4.1","100","0","0","0","0","0","0","0","0","0","1","0","0","0","0.5","1","0","1","0","0","98.9"

